Player Name,Runs,Balls Faced,4s,6s,Strike Rate,Opposition,Venue,Date
Z Khan,11*,14,1,0,78.57,v New Zealand,Colombo (RPS),26-Jul-01
V Sehwag,33,54,3,0,61.11,v New Zealand,Colombo (RPS),26-Jul-01
Yuvraj Singh,28,51,3,0,54.9,v New Zealand,Colombo (RPS),26-Jul-01
R Dravid,27,57,1,0,47.36,v New Zealand,Colombo (RPS),26-Jul-01
RS Sodhi,9,13,1,0,69.23,v New Zealand,Colombo (RPS),26-Jul-01
HK Badani,6,10,1,0,60,v New Zealand,Colombo (RPS),26-Jul-01
Harbhajan Singh,6,16,0,0,37.5,v New Zealand,Colombo (RPS),26-Jul-01
SC Ganguly,4,8,1,0,50,v New Zealand,Colombo (RPS),26-Jul-01
A Nehra,2,14,0,0,14.28,v New Zealand,Colombo (RPS),26-Jul-01
VVS Laxman,1,2,0,0,50,v New Zealand,Colombo (RPS),26-Jul-01
SS Dighe,0,3,0,0,0,v New Zealand,Colombo (RPS),26-Jul-01
VVS Laxman,87*,127,10,0,68.5,v Sri Lanka,Colombo (RPS),28-Jul-01
HK Badani,11*,27,0,0,40.74,v Sri Lanka,Colombo (RPS),28-Jul-01
R Dravid,43,79,3,0,54.43,v Sri Lanka,Colombo (RPS),28-Jul-01
V Sehwag,27,41,5,0,65.85,v Sri Lanka,Colombo (RPS),28-Jul-01
AR Khurasiya,0,2,0,0,0,v Sri Lanka,Colombo (RPS),28-Jul-01
Yuvraj Singh,98*,110,6,1,89.09,v Sri Lanka,Colombo (SSC),1-Aug-01
Z Khan,3*,8,0,0,37.5,v Sri Lanka,Colombo (SSC),1-Aug-01
R Dravid,47,88,3,0,53.4,v Sri Lanka,Colombo (SSC),1-Aug-01
RS Sodhi,30,37,1,0,81.08,v Sri Lanka,Colombo (SSC),1-Aug-01
VVS Laxman,10,29,1,0,34.48,v Sri Lanka,Colombo (SSC),1-Aug-01
Harbhajan Singh,4,3,1,0,133.33,v Sri Lanka,Colombo (SSC),1-Aug-01
SS Dighe,3,3,0,0,100,v Sri Lanka,Colombo (SSC),1-Aug-01
HK Badani,2,11,0,0,18.18,v Sri Lanka,Colombo (SSC),1-Aug-01
V Sehwag,0,1,0,0,0,v Sri Lanka,Colombo (SSC),1-Aug-01
SC Ganguly,0,16,0,0,0,v Sri Lanka,Colombo (SSC),1-Aug-01
R Dravid,57*,56,6,0,101.78,v New Zealand,Colombo (SSC),2-Aug-01
HK Badani,35*,38,3,2,92.1,v New Zealand,Colombo (SSC),2-Aug-01
V Sehwag,100,70,19,1,142.85,v New Zealand,Colombo (SSC),2-Aug-01
SC Ganguly,64,103,7,0,62.13,v New Zealand,Colombo (SSC),2-Aug-01
VVS Laxman,0,9,0,0,0,v New Zealand,Colombo (SSC),2-Aug-01
A Nehra,2*,10,0,0,20,v Sri Lanka,Colombo (RPS),5-Aug-01
VVS Laxman,37,51,5,0,72.54,v Sri Lanka,Colombo (RPS),5-Aug-01
SS Dighe,23,63,0,0,36.5,v Sri Lanka,Colombo (RPS),5-Aug-01
HK Badani,22,38,1,1,57.89,v Sri Lanka,Colombo (RPS),5-Aug-01
R Dravid,21,36,2,0,58.33,v Sri Lanka,Colombo (RPS),5-Aug-01
Z Khan,16,33,1,1,48.48,v Sri Lanka,Colombo (RPS),5-Aug-01
Harbhajan Singh,15,28,1,0,53.57,v Sri Lanka,Colombo (RPS),5-Aug-01
RS Sodhi,7,15,1,0,46.66,v Sri Lanka,Colombo (RPS),5-Aug-01
Yuvraj Singh,6,6,1,0,100,v Sri Lanka,Colombo (RPS),5-Aug-01
V Sehwag,4,4,1,0,100,v Sri Lanka,Colombo (RPS),5-Aug-01
SC Ganguly,1,7,0,0,14.28,v Sri Lanka,Colombo (RPS),5-Aug-01
V Sehwag,55*,43,11,0,127.9,v Kenya,Bloemfontein,12-Oct-01
D Dasgupta,24*,32,4,0,75,v Kenya,Bloemfontein,12-Oct-01
AB Agarkar,6*,8,0,0,75,v England,Chennai,25-Jan-02
A Ratra,29*,32,4,0,90.62,v England,Chennai,25-Jan-02
SR Tendulkar,68,79,10,0,86.07,v England,Chennai,25-Jan-02
V Sehwag,51,58,8,0,87.93,v England,Chennai,25-Jan-02
VVS Laxman,26,53,2,0,49.05,v England,Chennai,25-Jan-02
D Mongia,21,26,2,1,80.76,v England,Chennai,25-Jan-02
HK Badani,12,20,1,0,60,v England,Chennai,25-Jan-02
SB Bangar,1,5,0,0,20,v England,Chennai,25-Jan-02
SR Tendulkar,87*,67,13,1,129.85,v England,Kanpur,28-Jan-02
D Mongia,17*,17,3,0,100,v England,Kanpur,28-Jan-02
V Sehwag,82,62,14,0,132.25,v England,Kanpur,28-Jan-02
SC Ganguly,26,32,5,0,81.25,v England,Kanpur,28-Jan-02
Sarandeep Singh,6*,8,0,0,75,v England,Delhi,31-Jan-02
AB Agarkar,36*,24,4,0,150,v England,Delhi,31-Jan-02
SC Ganguly,74,95,5,3,77.89,v England,Delhi,31-Jan-02
M Kaif,46,64,3,0,71.87,v England,Delhi,31-Jan-02
V Sehwag,42,36,7,0,116.66,v England,Delhi,31-Jan-02
D Mongia,20,33,2,0,60.6,v England,Delhi,31-Jan-02
SR Tendulkar,18,16,3,0,112.5,v England,Delhi,31-Jan-02
A Ratra,10,12,1,0,83.33,v England,Delhi,31-Jan-02
HK Badani,2,7,0,0,28.57,v England,Delhi,31-Jan-02
A Kumble,2,6,0,0,33.33,v England,Delhi,31-Jan-02
HK Badani,27*,32,2,0,84.37,v England,Mumbai,3-Feb-02
SC Ganguly,80,99,4,4,80.8,v England,Mumbai,3-Feb-02
D Mongia,35,56,3,0,62.5,v England,Mumbai,3-Feb-02
V Sehwag,31,29,4,1,106.89,v England,Mumbai,3-Feb-02
M Kaif,20,36,2,0,55.55,v England,Mumbai,3-Feb-02
SR Tendulkar,12,18,1,1,66.66,v England,Mumbai,3-Feb-02
A Ratra,8,14,0,0,57.14,v England,Mumbai,3-Feb-02
Harbhajan Singh,5,11,1,0,45.45,v England,Mumbai,3-Feb-02
A Kumble,5,6,0,0,83.33,v England,Mumbai,3-Feb-02
AB Agarkar,0,2,0,0,0,v England,Mumbai,3-Feb-02
J Srinath,0,1,0,0,0,v England,Mumbai,3-Feb-02
R Dravid,9*,16,2,0,56.25,v West Indies,Bridgetown,29-May-02
SR Tendulkar,34*,45,2,0,75.55,v West Indies,Bridgetown,29-May-02
D Mongia,74,104,9,0,71.15,v West Indies,Bridgetown,29-May-02
SC Ganguly,41,65,5,0,63.07,v West Indies,Bridgetown,29-May-02
V Sehwag,21,36,3,0,58.33,v West Indies,Bridgetown,29-May-02
T Yohannan,2*,6,0,0,33.33,v West Indies,Port of Spain,1-Jun-02
SC Ganguly,39,44,5,1,88.63,v West Indies,Port of Spain,1-Jun-02
R Dravid,28,36,2,1,77.77,v West Indies,Port of Spain,1-Jun-02
D Mongia,13,12,2,0,108.33,v West Indies,Port of Spain,1-Jun-02
M Kaif,12,17,1,0,70.58,v West Indies,Port of Spain,1-Jun-02
Z Khan,7,16,0,0,43.75,v West Indies,Port of Spain,1-Jun-02
Harbhajan Singh,6,9,1,0,66.66,v West Indies,Port of Spain,1-Jun-02
VVS Laxman,2,5,0,0,40,v West Indies,Port of Spain,1-Jun-02
Yuvraj Singh,1,6,0,0,16.66,v West Indies,Port of Spain,1-Jun-02
V Sehwag,0,1,0,0,0,v West Indies,Port of Spain,1-Jun-02
AB Agarkar,0,2,0,0,0,v West Indies,Port of Spain,1-Jun-02
Harbhajan Singh,5*,6,0,0,83.33,v West Indies,Port of Spain,2-Jun-02
SR Tendulkar,65,70,3,1,92.85,v West Indies,Port of Spain,2-Jun-02
SC Ganguly,56,80,5,0,70,v West Indies,Port of Spain,2-Jun-02
V Sehwag,32,32,6,0,100,v West Indies,Port of Spain,2-Jun-02
D Mongia,28,37,2,1,75.67,v West Indies,Port of Spain,2-Jun-02
R Dravid,20,34,1,0,58.82,v West Indies,Port of Spain,2-Jun-02
M Kaif,17,19,1,0,89.47,v West Indies,Port of Spain,2-Jun-02
Yuvraj Singh,10,16,1,0,62.5,v West Indies,Port of Spain,2-Jun-02
Z Khan,4,2,1,0,200,v West Indies,Port of Spain,2-Jun-02
AB Agarkar,3,6,0,0,50,v West Indies,Port of Spain,2-Jun-02
A Nehra,0,2,0,0,0,v West Indies,Port of Spain,2-Jun-02
R Dravid,73*,86,7,0,84.88,v England,Lord's,29-Jun-02
Yuvraj Singh,64*,65,7,0,98.46,v England,Lord's,29-Jun-02
V Sehwag,71,65,9,1,109.23,v England,Lord's,29-Jun-02
SC Ganguly,43,67,4,0,64.17,v England,Lord's,29-Jun-02
D Mongia,1,5,0,0,20,v England,Lord's,29-Jun-02
SR Tendulkar,1,9,0,0,11.11,v England,Lord's,29-Jun-02
AB Agarkar,7*,10,1,0,70,v Sri Lanka,The Oval,30-Jun-02
M Kaif,38*,44,4,0,86.36,v Sri Lanka,The Oval,30-Jun-02
SR Tendulkar,49,70,3,1,70,v Sri Lanka,The Oval,30-Jun-02
D Mongia,33,55,3,1,60,v Sri Lanka,The Oval,30-Jun-02
Yuvraj Singh,31,44,3,0,70.45,v Sri Lanka,The Oval,30-Jun-02
V Sehwag,12,20,2,0,60,v Sri Lanka,The Oval,30-Jun-02
R Dravid,8,26,0,0,30.76,v Sri Lanka,The Oval,30-Jun-02
SC Ganguly,7,10,1,0,70,v Sri Lanka,The Oval,30-Jun-02
Yuvraj Singh,40*,19,4,1,210.52,v England,Chester-le-Street,4-Jul-02
SR Tendulkar,105*,108,8,1,97.22,v England,Chester-le-Street,4-Jul-02
R Dravid,82,117,7,0,70.08,v England,Chester-le-Street,4-Jul-02
D Mongia,27,38,3,0,71.05,v England,Chester-le-Street,4-Jul-02
V Sehwag,16,19,2,0,84.21,v England,Chester-le-Street,4-Jul-02
SC Ganguly,0,1,0,0,0,v England,Chester-le-Street,4-Jul-02
M Kaif,7*,16,0,0,43.75,v Sri Lanka,Birmingham,6-Jul-02
AB Agarkar,7*,8,1,0,87.5,v Sri Lanka,Birmingham,6-Jul-02
R Dravid,64,95,5,1,67.36,v Sri Lanka,Birmingham,6-Jul-02
Yuvraj Singh,37,68,4,1,54.41,v Sri Lanka,Birmingham,6-Jul-02
SC Ganguly,24,51,2,0,47.05,v Sri Lanka,Birmingham,6-Jul-02
SR Tendulkar,19,25,3,0,76,v Sri Lanka,Birmingham,6-Jul-02
D Mongia,5,30,0,0,16.66,v Sri Lanka,Birmingham,6-Jul-02
V Sehwag,0,1,0,0,0,v Sri Lanka,Birmingham,6-Jul-02
A Kumble,21*,19,2,0,110.52,v England,The Oval,9-Jul-02
V Sehwag,46,41,8,1,112.19,v England,The Oval,9-Jul-02
SR Tendulkar,36,29,5,0,124.13,v England,The Oval,9-Jul-02
A Nehra,24,19,2,1,126.31,v England,The Oval,9-Jul-02
VVS Laxman,14,21,1,0,66.66,v England,The Oval,9-Jul-02
SC Ganguly,6,10,0,0,60,v England,The Oval,9-Jul-02
Yuvraj Singh,5,13,0,0,38.46,v England,The Oval,9-Jul-02
A Ratra,2,6,0,0,33.33,v England,The Oval,9-Jul-02
Z Khan,2,7,0,0,28.57,v England,The Oval,9-Jul-02
M Kaif,1,8,0,0,12.5,v England,The Oval,9-Jul-02
AB Agarkar,0,2,0,0,0,v England,The Oval,9-Jul-02
T Yohannan,5*,5,0,0,100,v Sri Lanka,Bristol,11-Jul-02
SR Tendulkar,113,102,12,1,110.78,v Sri Lanka,Bristol,11-Jul-02
D Mongia,48,63,6,0,76.19,v Sri Lanka,Bristol,11-Jul-02
M Kaif,41,43,3,0,95.34,v Sri Lanka,Bristol,11-Jul-02
V Sehwag,39,40,6,0,97.5,v Sri Lanka,Bristol,11-Jul-02
R Dravid,13,16,1,0,81.25,v Sri Lanka,Bristol,11-Jul-02
SC Ganguly,9,19,2,0,47.36,v Sri Lanka,Bristol,11-Jul-02
Yuvraj Singh,8,11,1,0,72.72,v Sri Lanka,Bristol,11-Jul-02
A Nehra,3,6,0,0,50,v Sri Lanka,Bristol,11-Jul-02
Harbhajan Singh,0,0,0,0,-,v Sri Lanka,Bristol,11-Jul-02
Z Khan,0,1,0,0,0,v Sri Lanka,Bristol,11-Jul-02
M Kaif,87*,75,6,2,116,v England,Lord's,13-Jul-02
Z Khan,4*,7,0,0,57.14,v England,Lord's,13-Jul-02
Yuvraj Singh,69,63,9,1,109.52,v England,Lord's,13-Jul-02
SC Ganguly,60,43,10,1,139.53,v England,Lord's,13-Jul-02
V Sehwag,45,49,7,0,91.83,v England,Lord's,13-Jul-02
Harbhajan Singh,15,13,0,1,115.38,v England,Lord's,13-Jul-02
SR Tendulkar,14,19,1,0,73.68,v England,Lord's,13-Jul-02
D Mongia,9,15,1,0,60,v England,Lord's,13-Jul-02
R Dravid,5,12,0,0,41.66,v England,Lord's,13-Jul-02
A Kumble,0,2,0,0,0,v England,Lord's,13-Jul-02
A Kumble,18*,36,0,0,50,v Zimbabwe,Colombo (RPS),14-Sep-02
M Kaif,111*,112,8,1,99.1,v Zimbabwe,Colombo (RPS),14-Sep-02
R Dravid,71,81,6,0,87.65,v Zimbabwe,Colombo (RPS),14-Sep-02
V Sehwag,48,36,8,0,133.33,v Zimbabwe,Colombo (RPS),14-Sep-02
SC Ganguly,13,12,3,0,108.33,v Zimbabwe,Colombo (RPS),14-Sep-02
SR Tendulkar,7,16,0,0,43.75,v Zimbabwe,Colombo (RPS),14-Sep-02
Yuvraj Singh,3,7,0,0,42.85,v Zimbabwe,Colombo (RPS),14-Sep-02
D Mongia,0,4,0,0,0,v Zimbabwe,Colombo (RPS),14-Sep-02
SR Tendulkar,9*,20,0,0,45,v England,Colombo (RPS),22-Sep-02
SC Ganguly,117*,109,12,3,107.33,v England,Colombo (RPS),22-Sep-02
V Sehwag,126,104,21,1,121.15,v England,Colombo (RPS),22-Sep-02
VVS Laxman,4,8,1,0,50,v England,Colombo (RPS),22-Sep-02
A Kumble,2*,2,0,0,100,v South Africa,Colombo (RPS),25-Sep-02
A Nehra,1*,1,0,0,100,v South Africa,Colombo (RPS),25-Sep-02
Yuvraj Singh,62,72,6,0,86.11,v South Africa,Colombo (RPS),25-Sep-02
V Sehwag,59,58,10,0,101.72,v South Africa,Colombo (RPS),25-Sep-02
R Dravid,49,67,2,0,73.13,v South Africa,Colombo (RPS),25-Sep-02
VVS Laxman,22,33,3,0,66.66,v South Africa,Colombo (RPS),25-Sep-02
M Kaif,19,21,2,0,90.47,v South Africa,Colombo (RPS),25-Sep-02
SR Tendulkar,16,29,1,0,55.17,v South Africa,Colombo (RPS),25-Sep-02
SC Ganguly,13,13,3,0,100,v South Africa,Colombo (RPS),25-Sep-02
Harbhajan Singh,4,4,0,0,100,v South Africa,Colombo (RPS),25-Sep-02
Z Khan,0,3,0,0,0,v South Africa,Colombo (RPS),25-Sep-02
V Sehwag,13*,5,3,0,260,v Sri Lanka,Colombo (RPS),29-Sep-02
D Mongia,1*,7,0,0,14.28,v Sri Lanka,Colombo (RPS),29-Sep-02
SR Tendulkar,7*,22,1,0,31.81,v Sri Lanka,Colombo (RPS),30-Sep-02
V Sehwag,25*,22,3,1,113.63,v Sri Lanka,Colombo (RPS),30-Sep-02
D Mongia,0,9,0,0,0,v Sri Lanka,Colombo (RPS),30-Sep-02
R Dravid,46*,42,2,0,109.52,v West Indies,Jamshedpur,6-Nov-02
M Kaif,31*,18,5,0,172.22,v West Indies,Jamshedpur,6-Nov-02
AB Agarkar,95,102,11,2,93.13,v West Indies,Jamshedpur,6-Nov-02
VVS Laxman,47,67,4,0,70.14,v West Indies,Jamshedpur,6-Nov-02
V Sehwag,28,26,4,0,107.69,v West Indies,Jamshedpur,6-Nov-02
SC Ganguly,16,33,2,0,48.48,v West Indies,Jamshedpur,6-Nov-02
Yuvraj Singh,4,8,0,0,50,v West Indies,Jamshedpur,6-Nov-02
Jai P Yadav,0,5,0,0,0,v West Indies,Jamshedpur,6-Nov-02
A Nehra,2*,2,0,0,100,v West Indies,Nagpur,9-Nov-02
M Kaif,12*,9,1,0,133.33,v West Indies,Nagpur,9-Nov-02
VVS Laxman,99,110,7,0,90,v West Indies,Nagpur,9-Nov-02
SC Ganguly,78,99,9,0,78.78,v West Indies,Nagpur,9-Nov-02
R Dravid,51,42,6,0,121.42,v West Indies,Nagpur,9-Nov-02
AB Agarkar,6,11,1,0,54.54,v West Indies,Nagpur,9-Nov-02
Harbhajan Singh,2,7,0,0,28.57,v West Indies,Nagpur,9-Nov-02
J Srinath,2,2,0,0,100,v West Indies,Nagpur,9-Nov-02
A Kumble,2,3,0,0,66.66,v West Indies,Nagpur,9-Nov-02
V Sehwag,1,5,0,0,20,v West Indies,Nagpur,9-Nov-02
Yuvraj Singh,1,2,0,0,50,v West Indies,Nagpur,9-Nov-02
V Sehwag,114*,82,17,2,139.02,v West Indies,Rajkot,12-Nov-02
VVS Laxman,0*,2,0,0,0,v West Indies,Rajkot,12-Nov-02
SC Ganguly,72,83,9,0,86.74,v West Indies,Rajkot,12-Nov-02
SB Bangar,57*,41,5,2,139.02,v West Indies,Ahmedabad,15-Nov-02
R Dravid,109*,124,8,0,87.9,v West Indies,Ahmedabad,15-Nov-02
VVS Laxman,66,74,8,0,89.18,v West Indies,Ahmedabad,15-Nov-02
Yuvraj Singh,30,30,1,1,100,v West Indies,Ahmedabad,15-Nov-02
SC Ganguly,28,16,3,1,175,v West Indies,Ahmedabad,15-Nov-02
M Kaif,8,10,0,0,80,v West Indies,Ahmedabad,15-Nov-02
V Sehwag,4,3,1,0,133.33,v West Indies,Ahmedabad,15-Nov-02
J Srinath,3*,5,0,0,60,v West Indies,Vadodara,18-Nov-02
Harbhajan Singh,1*,2,0,0,50,v West Indies,Vadodara,18-Nov-02
VVS Laxman,71,101,4,0,70.29,v West Indies,Vadodara,18-Nov-02
SC Ganguly,53,55,8,0,96.36,v West Indies,Vadodara,18-Nov-02
V Sehwag,52,39,9,1,133.33,v West Indies,Vadodara,18-Nov-02
R Dravid,33,36,3,0,91.66,v West Indies,Vadodara,18-Nov-02
SB Bangar,27,20,2,0,135,v West Indies,Vadodara,18-Nov-02
Yuvraj Singh,15,12,2,0,125,v West Indies,Vadodara,18-Nov-02
M Kartik,11,12,1,0,91.66,v West Indies,Vadodara,18-Nov-02
M Kaif,4,11,0,0,36.36,v West Indies,Vadodara,18-Nov-02
AB Agarkar,6*,9,0,0,66.66,v West Indies,Jodhpur,21-Nov-02
SB Bangar,32*,38,3,0,84.21,v West Indies,Jodhpur,21-Nov-02
R Dravid,58,82,5,0,70.73,v West Indies,Jodhpur,21-Nov-02
Yuvraj Singh,54,64,7,0,84.37,v West Indies,Jodhpur,21-Nov-02
V Sehwag,18,21,3,0,85.71,v West Indies,Jodhpur,21-Nov-02
M Kaif,15,29,1,0,51.72,v West Indies,Jodhpur,21-Nov-02
VVS Laxman,7,19,1,0,36.84,v West Indies,Jodhpur,21-Nov-02
D Mongia,5,17,1,0,29.41,v West Indies,Jodhpur,21-Nov-02
RS Sodhi,1,3,0,0,33.33,v West Indies,Jodhpur,21-Nov-02
J Srinath,3*,7,0,0,42.85,v West Indies,Vijayawada,24-Nov-02
Yuvraj Singh,68,69,7,1,98.55,v West Indies,Vijayawada,24-Nov-02
VVS Laxman,22,22,3,0,100,v West Indies,Vijayawada,24-Nov-02
D Mongia,20,31,1,0,64.51,v West Indies,Vijayawada,24-Nov-02
Sarandeep Singh,19,28,3,0,67.85,v West Indies,Vijayawada,24-Nov-02
V Sehwag,12,15,2,0,80,v West Indies,Vijayawada,24-Nov-02
M Kaif,10,16,0,0,62.5,v West Indies,Vijayawada,24-Nov-02
AB Agarkar,4,8,0,0,50,v West Indies,Vijayawada,24-Nov-02
R Dravid,3,8,0,0,37.5,v West Indies,Vijayawada,24-Nov-02
SB Bangar,2,8,0,0,25,v West Indies,Vijayawada,24-Nov-02
M Kartik,2,11,0,0,18.18,v West Indies,Vijayawada,24-Nov-02
A Nehra,0*,2,0,0,0,v New Zealand,Auckland,26-Dec-02
SS Das,30,60,2,1,50,v New Zealand,Auckland,26-Dec-02
R Dravid,20,51,2,0,39.21,v New Zealand,Auckland,26-Dec-02
SC Ganguly,14,14,2,0,100,v New Zealand,Auckland,26-Dec-02
Z Khan,14,20,2,0,70,v New Zealand,Auckland,26-Dec-02
VVS Laxman,9,21,1,0,42.85,v New Zealand,Auckland,26-Dec-02
M Kaif,6,13,1,0,46.15,v New Zealand,Auckland,26-Dec-02
Yuvraj Singh,2,3,0,0,66.66,v New Zealand,Auckland,26-Dec-02
V Sehwag,0,5,0,0,0,v New Zealand,Auckland,26-Dec-02
A Kumble,0,3,0,0,0,v New Zealand,Auckland,26-Dec-02
J Srinath,0,7,0,0,0,v New Zealand,Auckland,26-Dec-02
A Nehra,0*,0,0,0,-,v New Zealand,Napier,29-Dec-02
V Sehwag,108,119,9,2,90.75,v New Zealand,Napier,29-Dec-02
M Kaif,24,38,1,0,63.15,v New Zealand,Napier,29-Dec-02
VVS Laxman,20,39,3,0,51.28,v New Zealand,Napier,29-Dec-02
R Dravid,18,27,1,0,66.66,v New Zealand,Napier,29-Dec-02
Harbhajan Singh,14,17,1,1,82.35,v New Zealand,Napier,29-Dec-02
Z Khan,11,13,1,0,84.61,v New Zealand,Napier,29-Dec-02
SB Bangar,4,5,1,0,80,v New Zealand,Napier,29-Dec-02
J Srinath,3,6,0,0,50,v New Zealand,Napier,29-Dec-02
SC Ganguly,0,3,0,0,0,v New Zealand,Napier,29-Dec-02
Yuvraj Singh,0,2,0,0,0,v New Zealand,Napier,29-Dec-02
Z Khan,8*,19,1,0,42.1,v New Zealand,Christchurch,1-Jan-03
R Dravid,20,59,2,0,33.89,v New Zealand,Christchurch,1-Jan-03
M Kaif,17,26,3,0,65.38,v New Zealand,Christchurch,1-Jan-03
Yuvraj Singh,12,44,1,0,27.27,v New Zealand,Christchurch,1-Jan-03
VVS Laxman,10,36,1,0,27.77,v New Zealand,Christchurch,1-Jan-03
V Sehwag,7,20,1,0,35,v New Zealand,Christchurch,1-Jan-03
AB Agarkar,6,11,1,0,54.54,v New Zealand,Christchurch,1-Jan-03
SC Ganguly,4,24,0,0,16.66,v New Zealand,Christchurch,1-Jan-03
SB Bangar,1,9,0,0,11.11,v New Zealand,Christchurch,1-Jan-03
J Srinath,1,3,0,0,33.33,v New Zealand,Christchurch,1-Jan-03
Harbhajan Singh,0,1,0,0,0,v New Zealand,Christchurch,1-Jan-03
J Srinath,10*,29,1,0,34.48,v New Zealand,Queenstown,4-Jan-03
Yuvraj Singh,25,61,3,0,40.98,v New Zealand,Queenstown,4-Jan-03
V Sehwag,23,39,4,0,58.97,v New Zealand,Queenstown,4-Jan-03
R Dravid,18,52,1,0,34.61,v New Zealand,Queenstown,4-Jan-03
PA Patel,13,31,1,0,41.93,v New Zealand,Queenstown,4-Jan-03
D Mongia,12,20,1,0,60,v New Zealand,Queenstown,4-Jan-03
SC Ganguly,2,13,0,0,15.38,v New Zealand,Queenstown,4-Jan-03
Z Khan,1,6,0,0,16.66,v New Zealand,Queenstown,4-Jan-03
M Kaif,0,4,0,0,0,v New Zealand,Queenstown,4-Jan-03
AB Agarkar,0,3,0,0,0,v New Zealand,Queenstown,4-Jan-03
A Nehra,0,10,0,0,0,v New Zealand,Queenstown,4-Jan-03
Z Khan,34*,42,3,1,80.95,v New Zealand,Wellington,8-Jan-03
J Srinath,1*,10,0,0,10,v New Zealand,Wellington,8-Jan-03
Yuvraj Singh,54,85,8,0,63.52,v New Zealand,Wellington,8-Jan-03
V Sehwag,45,40,9,0,112.5,v New Zealand,Wellington,8-Jan-03
R Dravid,7,41,0,0,17.07,v New Zealand,Wellington,8-Jan-03
D Mongia,2,10,0,0,20,v New Zealand,Wellington,8-Jan-03
A Kumble,2,10,0,0,20,v New Zealand,Wellington,8-Jan-03
M Kaif,1,13,0,0,7.69,v New Zealand,Wellington,8-Jan-03
SC Ganguly,0,1,0,0,0,v New Zealand,Wellington,8-Jan-03
SR Tendulkar,0,10,0,0,0,v New Zealand,Wellington,8-Jan-03
A Nehra,1*,1,0,0,100,v New Zealand,Auckland,11-Jan-03
J Srinath,0*,1,0,0,0,v New Zealand,Auckland,11-Jan-03
V Sehwag,112,139,11,3,80.57,v New Zealand,Auckland,11-Jan-03
SC Ganguly,23,44,4,0,52.27,v New Zealand,Auckland,11-Jan-03
R Dravid,21,50,2,0,42,v New Zealand,Auckland,11-Jan-03
Yuvraj Singh,8,25,0,0,32,v New Zealand,Auckland,11-Jan-03
M Kaif,7,19,1,0,36.84,v New Zealand,Auckland,11-Jan-03
SR Tendulkar,1,13,0,0,7.69,v New Zealand,Auckland,11-Jan-03
SB Bangar,1,2,0,0,50,v New Zealand,Auckland,11-Jan-03
Z Khan,1,2,0,0,50,v New Zealand,Auckland,11-Jan-03
AB Agarkar,0,2,0,0,0,v New Zealand,Auckland,11-Jan-03
A Nehra,2*,6,0,0,33.33,v New Zealand,Hamilton,14-Jan-03
Yuvraj Singh,33,58,4,0,56.89,v New Zealand,Hamilton,14-Jan-03
A Kumble,21,70,4,0,30,v New Zealand,Hamilton,14-Jan-03
SC Ganguly,15,39,1,0,38.46,v New Zealand,Hamilton,14-Jan-03
J Srinath,15,26,3,0,57.69,v New Zealand,Hamilton,14-Jan-03
R Dravid,12,26,2,0,46.15,v New Zealand,Hamilton,14-Jan-03
Z Khan,5,15,1,0,33.33,v New Zealand,Hamilton,14-Jan-03
V Sehwag,4,19,0,0,21.05,v New Zealand,Hamilton,14-Jan-03
SR Tendulkar,1,6,0,0,16.66,v New Zealand,Hamilton,14-Jan-03
D Mongia,0,1,0,0,0,v New Zealand,Hamilton,14-Jan-03
M Kaif,0,6,0,0,0,v New Zealand,Hamilton,14-Jan-03
R Dravid,43*,55,2,0,78.18,v Zimbabwe,Harare,19-Feb-03
Z Khan,13*,8,2,0,162.5,v Zimbabwe,Harare,19-Feb-03
SR Tendulkar,81,91,10,0,89.01,v Zimbabwe,Harare,19-Feb-03
V Sehwag,36,38,6,0,94.73,v Zimbabwe,Harare,19-Feb-03
M Kaif,25,24,1,1,104.16,v Zimbabwe,Harare,19-Feb-03
SC Ganguly,24,36,0,1,66.66,v Zimbabwe,Harare,19-Feb-03
D Mongia,12,37,0,0,32.43,v Zimbabwe,Harare,19-Feb-03
Harbhajan Singh,3,5,0,0,60,v Zimbabwe,Harare,19-Feb-03
Yuvraj Singh,1,5,0,0,20,v Zimbabwe,Harare,19-Feb-03
Yuvraj Singh,7*,7,1,0,100,v Namibia,Pietermaritzburg,23-Feb-03
SC Ganguly,112*,119,6,4,94.11,v Namibia,Pietermaritzburg,23-Feb-03
SR Tendulkar,152,151,18,0,100.66,v Namibia,Pietermaritzburg,23-Feb-03
V Sehwag,24,24,4,0,100,v Namibia,Pietermaritzburg,23-Feb-03
Harbhajan Singh,0*,1,0,0,0,v England,Durban,26-Feb-03
R Dravid,62,72,3,1,86.11,v England,Durban,26-Feb-03
SR Tendulkar,50,52,8,1,96.15,v England,Durban,26-Feb-03
Yuvraj Singh,42,38,4,1,110.52,v England,Durban,26-Feb-03
D Mongia,32,66,3,0,48.48,v England,Durban,26-Feb-03
V Sehwag,23,29,4,0,79.31,v England,Durban,26-Feb-03
SC Ganguly,19,38,2,0,50,v England,Durban,26-Feb-03
M Kaif,5,6,0,0,83.33,v England,Durban,26-Feb-03
Z Khan,0,0,0,0,-,v England,Durban,26-Feb-03
J Srinath,0,1,0,0,0,v England,Durban,26-Feb-03
Yuvraj Singh,50*,53,6,0,94.33,v Pakistan,Centurion,1-Mar-03
R Dravid,44*,76,2,0,57.89,v Pakistan,Centurion,1-Mar-03
SR Tendulkar,98,75,12,1,130.66,v Pakistan,Centurion,1-Mar-03
M Kaif,35,60,5,0,58.33,v Pakistan,Centurion,1-Mar-03
V Sehwag,21,14,3,1,150,v Pakistan,Centurion,1-Mar-03
SC Ganguly,0,1,0,0,0,v Pakistan,Centurion,1-Mar-03
Yuvraj Singh,58*,64,7,0,90.62,v Kenya,Cape Town,7-Mar-03
SC Ganguly,107*,120,11,2,89.16,v Kenya,Cape Town,7-Mar-03
R Dravid,32,73,3,0,43.83,v Kenya,Cape Town,7-Mar-03
SR Tendulkar,5,12,1,0,41.66,v Kenya,Cape Town,7-Mar-03
M Kaif,5,13,1,0,38.46,v Kenya,Cape Town,7-Mar-03
V Sehwag,3,8,0,0,37.5,v Kenya,Cape Town,7-Mar-03
Harbhajan Singh,7*,5,1,0,140,v Sri Lanka,Johannesburg,10-Mar-03
R Dravid,18*,12,2,0,150,v Sri Lanka,Johannesburg,10-Mar-03
SR Tendulkar,97,120,7,1,80.83,v Sri Lanka,Johannesburg,10-Mar-03
V Sehwag,66,76,5,3,86.84,v Sri Lanka,Johannesburg,10-Mar-03
SC Ganguly,48,53,2,2,90.56,v Sri Lanka,Johannesburg,10-Mar-03
M Kaif,19,24,1,0,79.16,v Sri Lanka,Johannesburg,10-Mar-03
D Mongia,9,7,0,1,128.57,v Sri Lanka,Johannesburg,10-Mar-03
Yuvraj Singh,5,6,0,0,83.33,v Sri Lanka,Johannesburg,10-Mar-03
M Kaif,68*,129,8,0,52.71,v New Zealand,Centurion,14-Mar-03
R Dravid,53*,89,7,0,59.55,v New Zealand,Centurion,14-Mar-03
SR Tendulkar,15,16,3,0,93.75,v New Zealand,Centurion,14-Mar-03
SC Ganguly,3,6,0,0,50,v New Zealand,Centurion,14-Mar-03
V Sehwag,1,6,0,0,16.66,v New Zealand,Centurion,14-Mar-03
SC Ganguly,111*,114,5,5,97.36,v Kenya,Durban,20-Mar-03
R Dravid,1*,1,0,0,100,v Kenya,Durban,20-Mar-03
SR Tendulkar,83,101,5,1,82.17,v Kenya,Durban,20-Mar-03
V Sehwag,33,56,3,0,58.92,v Kenya,Durban,20-Mar-03
Yuvraj Singh,16,10,1,1,160,v Kenya,Durban,20-Mar-03
M Kaif,15,20,0,0,75,v Kenya,Durban,20-Mar-03
A Nehra,8*,4,2,0,200,v Australia,Johannesburg,23-Mar-03
V Sehwag,82,81,10,3,101.23,v Australia,Johannesburg,23-Mar-03
R Dravid,47,57,2,0,82.45,v Australia,Johannesburg,23-Mar-03
SC Ganguly,24,25,3,1,96,v Australia,Johannesburg,23-Mar-03
Yuvraj Singh,24,34,1,0,70.58,v Australia,Johannesburg,23-Mar-03
D Mongia,12,11,2,0,109.09,v Australia,Johannesburg,23-Mar-03
Harbhajan Singh,7,8,0,0,87.5,v Australia,Johannesburg,23-Mar-03
SR Tendulkar,4,5,1,0,80,v Australia,Johannesburg,23-Mar-03
Z Khan,4,8,0,0,50,v Australia,Johannesburg,23-Mar-03
J Srinath,1,4,0,0,25,v Australia,Johannesburg,23-Mar-03
M Kaif,0,3,0,0,0,v Australia,Johannesburg,23-Mar-03
Yuvraj Singh,102*,85,9,4,120,v Bangladesh,Dhaka,11-Apr-03
V Sehwag,63,51,11,1,123.52,v Bangladesh,Dhaka,11-Apr-03
SC Ganguly,30,45,1,2,66.66,v Bangladesh,Dhaka,11-Apr-03
M Kaif,23,47,1,0,48.93,v Bangladesh,Dhaka,11-Apr-03
AB Agarkar,20,23,0,1,86.95,v Bangladesh,Dhaka,11-Apr-03
G Gambhir,11,22,2,0,50,v Bangladesh,Dhaka,11-Apr-03
PA Patel,4,11,0,0,36.36,v Bangladesh,Dhaka,11-Apr-03
D Mongia,3,8,0,0,37.5,v Bangladesh,Dhaka,11-Apr-03
Harbhajan Singh,3,5,0,0,60,v Bangladesh,Dhaka,11-Apr-03
Z Khan,0,1,0,0,0,v Bangladesh,Dhaka,11-Apr-03
AM Salvi,0,1,0,0,0,v Bangladesh,Dhaka,11-Apr-03
M Kaif,95*,103,7,3,92.23,v South Africa,Dhaka,13-Apr-03
D Mongia,55*,38,6,0,144.73,v South Africa,Dhaka,13-Apr-03
SC Ganguly,75,80,7,2,93.75,v South Africa,Dhaka,13-Apr-03
V Sehwag,37,44,6,0,84.09,v South Africa,Dhaka,13-Apr-03
G Gambhir,18,30,3,0,60,v South Africa,Dhaka,13-Apr-03
Yuvraj Singh,11,12,1,0,91.66,v South Africa,Dhaka,13-Apr-03
AB Agarkar,4*,2,1,0,200,v Bangladesh,Dhaka,16-Apr-03
D Mongia,16*,12,2,0,133.33,v Bangladesh,Dhaka,16-Apr-03
G Gambhir,71,89,9,0,79.77,v Bangladesh,Dhaka,16-Apr-03
V Sehwag,43,44,8,0,97.72,v Bangladesh,Dhaka,16-Apr-03
PA Patel,27,51,3,0,52.94,v Bangladesh,Dhaka,16-Apr-03
M Kaif,20,28,1,1,71.42,v Bangladesh,Dhaka,16-Apr-03
AV Kale,10,22,1,0,45.45,v Bangladesh,Dhaka,16-Apr-03
SB Bangar,7,11,0,1,63.63,v Bangladesh,Dhaka,16-Apr-03
AM Salvi,4*,9,0,0,44.44,v South Africa,Dhaka,18-Apr-03
SC Ganguly,61,83,6,1,73.49,v South Africa,Dhaka,18-Apr-03
M Kaif,30,49,4,0,61.22,v South Africa,Dhaka,18-Apr-03
D Mongia,29,46,0,0,63.04,v South Africa,Dhaka,18-Apr-03
V Sehwag,25,30,3,1,83.33,v South Africa,Dhaka,18-Apr-03
Sarandeep Singh,19,20,3,0,95,v South Africa,Dhaka,18-Apr-03
AB Agarkar,17,26,1,1,65.38,v South Africa,Dhaka,18-Apr-03
SB Bangar,9,21,0,0,42.85,v South Africa,Dhaka,18-Apr-03
PA Patel,6,6,1,0,100,v South Africa,Dhaka,18-Apr-03
G Gambhir,2,11,0,0,18.18,v South Africa,Dhaka,18-Apr-03
Harbhajan Singh,1,2,0,0,50,v South Africa,Dhaka,18-Apr-03
Yuvraj Singh,2*,10,0,0,20,v South Africa,Dhaka,21-Apr-03
SC Ganguly,11*,36,1,0,30.55,v South Africa,Dhaka,21-Apr-03
G Gambhir,11,33,1,0,33.33,v South Africa,Dhaka,21-Apr-03
V Sehwag,8,18,1,0,44.44,v South Africa,Dhaka,21-Apr-03
M Kaif,5,8,1,0,62.5,v South Africa,Dhaka,21-Apr-03
SR Tendulkar,48*,66,5,0,72.72,v New Zealand,Chennai,23-Oct-03
Yuvraj Singh,29*,38,4,0,76.31,v New Zealand,Chennai,23-Oct-03
V Sehwag,31,29,5,1,106.89,v New Zealand,Chennai,23-Oct-03
VVS Laxman,25,23,5,0,108.69,v New Zealand,Chennai,23-Oct-03
R Dravid,4,6,0,0,66.66,v New Zealand,Chennai,23-Oct-03
M Kaif,1*,1,0,0,100,v Australia,Gwalior,26-Oct-03
VVS Laxman,102,134,9,0,76.11,v Australia,Gwalior,26-Oct-03
SR Tendulkar,100,119,9,1,84.03,v Australia,Gwalior,26-Oct-03
Yuvraj Singh,44,33,6,1,133.33,v Australia,Gwalior,26-Oct-03
AB Agarkar,22,10,4,0,220,v Australia,Gwalior,26-Oct-03
V Sehwag,0,3,0,0,0,v Australia,Gwalior,26-Oct-03
Z Khan,5*,8,1,0,62.5,v Australia,Mumbai,1-Nov-03
SR Tendulkar,68,76,10,0,89.47,v Australia,Mumbai,1-Nov-03
R Dravid,59,70,8,0,84.28,v Australia,Mumbai,1-Nov-03
VVS Laxman,21,36,4,0,58.33,v Australia,Mumbai,1-Nov-03
PA Patel,16,31,0,0,51.61,v Australia,Mumbai,1-Nov-03
M Kaif,10,15,0,0,66.66,v Australia,Mumbai,1-Nov-03
Yuvraj Singh,9,15,1,0,60,v Australia,Mumbai,1-Nov-03
Harbhajan Singh,6,7,1,0,85.71,v Australia,Mumbai,1-Nov-03
A Kumble,6,10,1,0,60,v Australia,Mumbai,1-Nov-03
AB Agarkar,2,10,0,0,20,v Australia,Mumbai,1-Nov-03
V Sehwag,0,1,0,0,0,v Australia,Mumbai,1-Nov-03
M Kartik,4*,7,0,0,57.14,v Australia,Bengaluru,12-Nov-03
A Kumble,12*,30,0,0,40,v Australia,Bengaluru,12-Nov-03
SR Tendulkar,89,91,12,1,97.8,v Australia,Bengaluru,12-Nov-03
V Sehwag,39,53,3,1,73.58,v Australia,Bengaluru,12-Nov-03
SC Ganguly,37,31,4,1,119.35,v Australia,Bengaluru,12-Nov-03
R Dravid,34,34,3,0,100,v Australia,Bengaluru,12-Nov-03
Yuvraj Singh,20,16,3,0,125,v Australia,Bengaluru,12-Nov-03
VVS Laxman,18,22,1,0,81.81,v Australia,Bengaluru,12-Nov-03
M Kaif,8,14,0,0,57.14,v Australia,Bengaluru,12-Nov-03
Z Khan,2,3,0,0,66.66,v Australia,Bengaluru,12-Nov-03
R Dravid,50*,22,5,3,227.27,v New Zealand,Hyderabad (Deccan),15-Nov-03
M Kaif,15*,9,2,0,166.66,v New Zealand,Hyderabad (Deccan),15-Nov-03
V Sehwag,130,134,15,2,97.01,v New Zealand,Hyderabad (Deccan),15-Nov-03
SR Tendulkar,102,91,12,1,112.08,v New Zealand,Hyderabad (Deccan),15-Nov-03
SC Ganguly,33,31,4,0,106.45,v New Zealand,Hyderabad (Deccan),15-Nov-03
Yuvraj Singh,7,10,0,0,70,v New Zealand,Hyderabad (Deccan),15-Nov-03
VVS Laxman,3,4,0,0,75,v New Zealand,Hyderabad (Deccan),15-Nov-03
AB Agarkar,26*,23,1,2,113.04,v Australia,Kolkata,18-Nov-03
R Dravid,49,69,4,0,71.01,v Australia,Kolkata,18-Nov-03
SR Tendulkar,45,66,5,0,68.18,v Australia,Kolkata,18-Nov-03
HK Badani,30,36,5,0,83.33,v Australia,Kolkata,18-Nov-03
VVS Laxman,22,26,5,0,84.61,v Australia,Kolkata,18-Nov-03
V Sehwag,5,12,1,0,41.66,v Australia,Kolkata,18-Nov-03
Yuvraj Singh,4,6,0,0,66.66,v Australia,Kolkata,18-Nov-03
Harbhajan Singh,2,4,0,0,50,v Australia,Kolkata,18-Nov-03
M Kartik,1,4,0,0,25,v Australia,Kolkata,18-Nov-03
Z Khan,0,1,0,0,0,v Australia,Kolkata,18-Nov-03
AM Salvi,0,4,0,0,0,v Australia,Kolkata,18-Nov-03
L Balaji,0*,0,0,0,-,v Australia,Melbourne,9-Jan-04
SC Ganguly,82,83,6,1,98.79,v Australia,Melbourne,9-Jan-04
SR Tendulkar,63,69,8,1,91.3,v Australia,Melbourne,9-Jan-04
V Sehwag,35,59,3,0,59.32,v Australia,Melbourne,9-Jan-04
Yuvraj Singh,25,24,0,1,104.16,v Australia,Melbourne,9-Jan-04
VVS Laxman,16,22,0,0,72.72,v Australia,Melbourne,9-Jan-04
R Dravid,16,19,1,0,84.21,v Australia,Melbourne,9-Jan-04
A Kumble,5,4,1,0,125,v Australia,Melbourne,9-Jan-04
SB Bangar,3,5,0,0,60,v Australia,Melbourne,9-Jan-04
IK Pathan,3,6,0,0,50,v Australia,Melbourne,9-Jan-04
AB Agarkar,1,4,0,0,25,v Australia,Melbourne,9-Jan-04
SC Ganguly,32*,26,4,1,123.07,v Zimbabwe,Hobart,14-Jan-04
VVS Laxman,13*,24,0,0,54.16,v Zimbabwe,Hobart,14-Jan-04
V Sehwag,90,102,5,5,88.23,v Zimbabwe,Hobart,14-Jan-04
SR Tendulkar,44,59,6,0,74.57,v Zimbabwe,Hobart,14-Jan-04
HK Badani,15,20,1,0,75,v Zimbabwe,Hobart,14-Jan-04
M Kartik,32*,41,2,0,78.04,v Australia,Perth,1-Feb-04
Yuvraj Singh,47,62,5,0,75.8,v Australia,Perth,1-Feb-04
V Sehwag,32,34,6,0,94.11,v Australia,Perth,1-Feb-04
IK Pathan,20,24,2,1,83.33,v Australia,Perth,1-Feb-04
R Dravid,13,38,2,0,34.21,v Australia,Perth,1-Feb-04
L Balaji,11,27,0,0,40.74,v Australia,Perth,1-Feb-04
AB Agarkar,9,39,0,0,23.07,v Australia,Perth,1-Feb-04
RS Gavaskar,6,8,1,0,75,v Australia,Perth,1-Feb-04
SR Tendulkar,5,6,1,0,83.33,v Australia,Perth,1-Feb-04
VVS Laxman,1,8,0,0,12.5,v Australia,Perth,1-Feb-04
SC Ganguly,1,10,0,0,10,v Australia,Perth,1-Feb-04
HK Badani,34*,59,5,0,57.62,v Zimbabwe,Perth,3-Feb-04
IK Pathan,3*,8,0,0,37.5,v Zimbabwe,Perth,3-Feb-04
VVS Laxman,32,46,5,0,69.56,v Zimbabwe,Perth,3-Feb-04
V Sehwag,23,22,4,0,104.54,v Zimbabwe,Perth,3-Feb-04
R Dravid,10,24,2,0,41.66,v Zimbabwe,Perth,3-Feb-04
Yuvraj Singh,4,8,1,0,50,v Zimbabwe,Perth,3-Feb-04
RS Gavaskar,4,10,0,0,40,v Zimbabwe,Perth,3-Feb-04
SR Tendulkar,3,8,0,0,37.5,v Zimbabwe,Perth,3-Feb-04
HK Badani,60*,81,4,0,74.07,v Australia,Melbourne,6-Feb-04
AB Agarkar,53,62,4,2,85.48,v Australia,Melbourne,6-Feb-04
VVS Laxman,24,25,2,0,96,v Australia,Melbourne,6-Feb-04
Yuvraj Singh,21,21,3,0,100,v Australia,Melbourne,6-Feb-04
IK Pathan,19,19,0,1,100,v Australia,Melbourne,6-Feb-04
R Dravid,12,29,3,0,41.37,v Australia,Melbourne,6-Feb-04
SR Tendulkar,8,22,1,0,36.36,v Australia,Melbourne,6-Feb-04
SC Ganguly,6,21,0,0,28.57,v Australia,Melbourne,6-Feb-04
V Sehwag,3,8,0,0,37.5,v Australia,Melbourne,6-Feb-04
A Kumble,2,3,0,0,66.66,v Australia,Melbourne,6-Feb-04
L Balaji,2,7,0,0,28.57,v Australia,Melbourne,6-Feb-04
A Nehra,14*,4,2,1,350,v Australia,Sydney,8-Feb-04
IK Pathan,30,41,6,0,73.17,v Australia,Sydney,8-Feb-04
SR Tendulkar,27,40,4,0,67.5,v Australia,Sydney,8-Feb-04
M Kartik,23,25,3,0,92,v Australia,Sydney,8-Feb-04
HK Badani,18,27,0,1,66.66,v Australia,Sydney,8-Feb-04
V Sehwag,12,7,1,1,171.42,v Australia,Sydney,8-Feb-04
VVS Laxman,5,7,1,0,71.42,v Australia,Sydney,8-Feb-04
Yuvraj Singh,4,15,1,0,26.66,v Australia,Sydney,8-Feb-04
SC Ganguly,3,15,0,0,20,v Australia,Sydney,8-Feb-04
L Balaji,2,10,0,0,20,v Australia,Sydney,8-Feb-04
R Dravid,0,11,0,0,0,v Australia,Sydney,8-Feb-04
HK Badani,8*,5,1,0,160,v Pakistan,Karachi,13-Mar-04
M Kartik,3*,5,0,0,60,v Pakistan,Karachi,13-Mar-04
R Dravid,99,104,8,0,95.19,v Pakistan,Karachi,13-Mar-04
V Sehwag,79,57,14,1,138.59,v Pakistan,Karachi,13-Mar-04
M Kaif,46,56,4,0,82.14,v Pakistan,Karachi,13-Mar-04
SC Ganguly,45,47,3,2,95.74,v Pakistan,Karachi,13-Mar-04
SR Tendulkar,28,35,4,1,80,v Pakistan,Karachi,13-Mar-04
Yuvraj Singh,3,9,0,0,33.33,v Pakistan,Karachi,13-Mar-04
Z Khan,0,2,0,0,0,v Pakistan,Karachi,13-Mar-04
RR Powar,18*,11,3,0,163.63,v Pakistan,Rawalpindi,16-Mar-04
SR Tendulkar,141,135,17,1,104.44,v Pakistan,Rawalpindi,16-Mar-04
R Dravid,36,45,2,0,80,v Pakistan,Rawalpindi,16-Mar-04
V Sehwag,26,21,4,0,123.8,v Pakistan,Rawalpindi,16-Mar-04
Yuvraj Singh,19,20,2,0,95,v Pakistan,Rawalpindi,16-Mar-04
SC Ganguly,15,38,1,0,39.47,v Pakistan,Rawalpindi,16-Mar-04
L Balaji,14,10,3,0,140,v Pakistan,Rawalpindi,16-Mar-04
M Kaif,7,9,0,0,77.77,v Pakistan,Rawalpindi,16-Mar-04
VVS Laxman,4,7,0,0,57.14,v Pakistan,Rawalpindi,16-Mar-04
Z Khan,0,1,0,0,0,v Pakistan,Rawalpindi,16-Mar-04
A Nehra,0,1,0,0,0,v Pakistan,Rawalpindi,16-Mar-04
Z Khan,6*,3,1,0,200,v Pakistan,Peshawar,19-Mar-04
L Balaji,21*,12,3,1,175,v Pakistan,Peshawar,19-Mar-04
Yuvraj Singh,65,76,7,1,85.52,v Pakistan,Peshawar,19-Mar-04
SC Ganguly,39,41,5,1,95.12,v Pakistan,Peshawar,19-Mar-04
R Dravid,33,86,4,0,38.37,v Pakistan,Peshawar,19-Mar-04
IK Pathan,16,21,0,1,76.19,v Pakistan,Peshawar,19-Mar-04
RR Powar,14,18,2,0,77.77,v Pakistan,Peshawar,19-Mar-04
V Sehwag,13,18,3,0,72.22,v Pakistan,Peshawar,19-Mar-04
VVS Laxman,3,20,0,0,15,v Pakistan,Peshawar,19-Mar-04
M Kaif,1,4,0,0,25,v Pakistan,Peshawar,19-Mar-04
SR Tendulkar,0,5,0,0,0,v Pakistan,Peshawar,19-Mar-04
R Dravid,76*,92,9,0,82.6,v Pakistan,Lahore,21-Mar-04
M Kaif,71*,77,8,0,92.2,v Pakistan,Lahore,21-Mar-04
Yuvraj Singh,36,35,5,0,102.85,v Pakistan,Lahore,21-Mar-04
V Sehwag,26,29,5,0,89.65,v Pakistan,Lahore,21-Mar-04
SC Ganguly,21,15,2,1,140,v Pakistan,Lahore,21-Mar-04
VVS Laxman,20,18,4,0,111.11,v Pakistan,Lahore,21-Mar-04
SR Tendulkar,7,13,1,0,53.84,v Pakistan,Lahore,21-Mar-04
IK Pathan,20*,12,3,0,166.66,v Pakistan,Lahore,24-Mar-04
L Balaji,10*,6,0,1,166.66,v Pakistan,Lahore,24-Mar-04
VVS Laxman,107,104,11,0,102.88,v Pakistan,Lahore,24-Mar-04
SC Ganguly,45,64,5,0,70.31,v Pakistan,Lahore,24-Mar-04
SR Tendulkar,37,48,7,0,77.08,v Pakistan,Lahore,24-Mar-04
V Sehwag,20,22,4,0,90.9,v Pakistan,Lahore,24-Mar-04
Yuvraj Singh,18,19,2,0,94.73,v Pakistan,Lahore,24-Mar-04
M Kaif,16,20,0,0,80,v Pakistan,Lahore,24-Mar-04
R Dravid,4,10,0,0,40,v Pakistan,Lahore,24-Mar-04
M Kaif,31*,30,2,0,103.33,v U.A.E.,Dambulla,16-Jul-04
IK Pathan,1*,1,0,0,100,v U.A.E.,Dambulla,16-Jul-04
R Dravid,104,93,8,0,111.82,v U.A.E.,Dambulla,16-Jul-04
SC Ganguly,56,102,2,0,54.9,v U.A.E.,Dambulla,16-Jul-04
Yuvraj Singh,22,25,2,0,88,v U.A.E.,Dambulla,16-Jul-04
SR Tendulkar,18,25,2,0,72,v U.A.E.,Dambulla,16-Jul-04
VVS Laxman,14,21,1,1,66.66,v U.A.E.,Dambulla,16-Jul-04
V Sehwag,0,3,0,0,0,v U.A.E.,Dambulla,16-Jul-04
SR Tendulkar,82*,126,10,1,65.07,v Bangladesh,Colombo (SSC),21-Jul-04
VVS Laxman,1*,3,0,0,33.33,v Bangladesh,Colombo (SSC),21-Jul-04
SC Ganguly,60,100,3,3,60,v Bangladesh,Colombo (SSC),21-Jul-04
V Sehwag,16,8,3,0,200,v Bangladesh,Colombo (SSC),21-Jul-04
L Balaji,5*,11,0,0,45.45,v Pakistan,Colombo (RPS),25-Jul-04
A Kumble,4*,5,1,0,80,v Pakistan,Colombo (RPS),25-Jul-04
SR Tendulkar,78,103,6,0,75.72,v Pakistan,Colombo (RPS),25-Jul-04
SC Ganguly,39,45,5,1,86.66,v Pakistan,Colombo (RPS),25-Jul-04
IK Pathan,38,75,2,0,50.66,v Pakistan,Colombo (RPS),25-Jul-04
Yuvraj Singh,28,29,4,0,96.55,v Pakistan,Colombo (RPS),25-Jul-04
R Dravid,5,9,0,0,55.55,v Pakistan,Colombo (RPS),25-Jul-04
M Kaif,3,18,0,0,16.66,v Pakistan,Colombo (RPS),25-Jul-04
Harbhajan Singh,2,8,0,0,25,v Pakistan,Colombo (RPS),25-Jul-04
V Sehwag,1,5,0,0,20,v Pakistan,Colombo (RPS),25-Jul-04
IK Pathan,8*,6,0,0,133.33,v Sri Lanka,Colombo (RPS),27-Jul-04
PA Patel,13*,10,1,0,130,v Sri Lanka,Colombo (RPS),27-Jul-04
V Sehwag,81,92,6,2,88.04,v Sri Lanka,Colombo (RPS),27-Jul-04
SC Ganguly,79,120,9,0,65.83,v Sri Lanka,Colombo (RPS),27-Jul-04
Yuvraj Singh,50,46,4,0,108.69,v Sri Lanka,Colombo (RPS),27-Jul-04
SR Tendulkar,18,21,3,0,85.71,v Sri Lanka,Colombo (RPS),27-Jul-04
R Dravid,1,7,0,0,14.28,v Sri Lanka,Colombo (RPS),27-Jul-04
M Kaif,1,2,0,0,50,v Sri Lanka,Colombo (RPS),27-Jul-04
A Nehra,8*,6,1,0,133.33,v Sri Lanka,Colombo (RPS),1-Aug-04
Z Khan,28*,24,1,2,116.66,v Sri Lanka,Colombo (RPS),1-Aug-04
SR Tendulkar,74,100,7,1,74,v Sri Lanka,Colombo (RPS),1-Aug-04
R Dravid,16,28,0,0,57.14,v Sri Lanka,Colombo (RPS),1-Aug-04
Harbhajan Singh,16,30,2,0,53.33,v Sri Lanka,Colombo (RPS),1-Aug-04
VVS Laxman,12,34,1,0,35.29,v Sri Lanka,Colombo (RPS),1-Aug-04
Yuvraj Singh,8,29,0,0,27.58,v Sri Lanka,Colombo (RPS),1-Aug-04
V Sehwag,5,12,1,0,41.66,v Sri Lanka,Colombo (RPS),1-Aug-04
M Kaif,5,15,0,0,33.33,v Sri Lanka,Colombo (RPS),1-Aug-04
SC Ganguly,4,20,0,0,20,v Sri Lanka,Colombo (RPS),1-Aug-04
IK Pathan,2,4,0,0,50,v Sri Lanka,Colombo (RPS),1-Aug-04
A Kumble,1*,2,0,0,50,v Pakistan,Amstelveen,21-Aug-04
VVS Laxman,37,51,2,1,72.54,v Pakistan,Amstelveen,21-Aug-04
SC Ganguly,25,29,3,0,86.2,v Pakistan,Amstelveen,21-Aug-04
V Sehwag,17,15,2,0,113.33,v Pakistan,Amstelveen,21-Aug-04
RS Gavaskar,15,18,1,0,83.33,v Pakistan,Amstelveen,21-Aug-04
Yuvraj Singh,13,24,0,0,54.16,v Pakistan,Amstelveen,21-Aug-04
M Kaif,10,15,0,0,66.66,v Pakistan,Amstelveen,21-Aug-04
L Balaji,2,3,0,0,66.66,v Pakistan,Amstelveen,21-Aug-04
AB Agarkar,1,3,0,0,33.33,v Pakistan,Amstelveen,21-Aug-04
IK Pathan,1,2,0,0,50,v Pakistan,Amstelveen,21-Aug-04
R Dravid,0,1,0,0,0,v Pakistan,Amstelveen,21-Aug-04
A Kumble,9*,22,0,0,40.9,v England,Nottingham,1-Sep-04
M Kaif,50,79,4,0,63.29,v England,Nottingham,1-Sep-04
VVS Laxman,29,35,4,0,82.85,v England,Nottingham,1-Sep-04
SC Ganguly,24,31,4,0,77.41,v England,Nottingham,1-Sep-04
RS Gavaskar,20,49,0,0,40.81,v England,Nottingham,1-Sep-04
R Dravid,13,16,3,0,81.25,v England,Nottingham,1-Sep-04
V Sehwag,4,12,0,0,33.33,v England,Nottingham,1-Sep-04
Yuvraj Singh,4,6,1,0,66.66,v England,Nottingham,1-Sep-04
IK Pathan,3,14,0,0,21.42,v England,Nottingham,1-Sep-04
L Balaji,0,1,0,0,0,v England,Nottingham,1-Sep-04
A Nehra,0,1,0,0,0,v England,Nottingham,1-Sep-04
Harbhajan Singh,41*,39,5,1,105.12,v England,The Oval,3-Sep-04
M Kaif,51,73,8,0,69.86,v England,The Oval,3-Sep-04
VVS Laxman,33,43,5,0,76.74,v England,The Oval,3-Sep-04
Yuvraj Singh,24,40,2,0,60,v England,The Oval,3-Sep-04
AB Agarkar,22,20,2,2,110,v England,The Oval,3-Sep-04
L Balaji,18,30,1,0,60,v England,The Oval,3-Sep-04
RS Gavaskar,13,17,2,0,76.47,v England,The Oval,3-Sep-04
SC Ganguly,7,10,1,0,70,v England,The Oval,3-Sep-04
R Dravid,1,8,0,0,12.5,v England,The Oval,3-Sep-04
V Sehwag,0,2,0,0,0,v England,The Oval,3-Sep-04
IK Pathan,0,2,0,0,0,v England,The Oval,3-Sep-04
M Kaif,49*,29,5,0,168.96,v Kenya,Southampton,11-Sep-04
R Dravid,30*,16,3,1,187.5,v Kenya,Southampton,11-Sep-04
SC Ganguly,90,124,8,0,72.58,v Kenya,Southampton,11-Sep-04
VVS Laxman,79,99,8,0,79.79,v Kenya,Southampton,11-Sep-04
V Sehwag,17,27,2,0,62.96,v Kenya,Southampton,11-Sep-04
Yuvraj Singh,9,9,1,0,100,v Kenya,Southampton,11-Sep-04
Harbhajan Singh,3*,3,0,0,100,v Pakistan,Birmingham,19-Sep-04
R Dravid,67,108,4,0,62.03,v Pakistan,Birmingham,19-Sep-04
AB Agarkar,47,50,3,1,94,v Pakistan,Birmingham,19-Sep-04
M Kaif,27,59,3,0,45.76,v Pakistan,Birmingham,19-Sep-04
RS Gavaskar,13,43,0,0,30.23,v Pakistan,Birmingham,19-Sep-04
V Sehwag,10,20,0,0,50,v Pakistan,Birmingham,19-Sep-04
IK Pathan,6,8,0,0,75,v Pakistan,Birmingham,19-Sep-04
VVS Laxman,3,9,0,0,33.33,v Pakistan,Birmingham,19-Sep-04
SC Ganguly,0,5,0,0,0,v Pakistan,Birmingham,19-Sep-04
Yuvraj Singh,0,3,0,0,0,v Pakistan,Birmingham,19-Sep-04
A Nehra,0,2,0,0,0,v Pakistan,Birmingham,19-Sep-04
M Kaif,14*,11,0,0,127.27,v Pakistan,Kolkata,13-Nov-04
IK Pathan,0*,0,0,0,-,v Pakistan,Kolkata,13-Nov-04
Yuvraj Singh,78,62,10,2,125.8,v Pakistan,Kolkata,13-Nov-04
V Sehwag,53,65,6,2,81.53,v Pakistan,Kolkata,13-Nov-04
SC Ganguly,48,70,1,2,68.57,v Pakistan,Kolkata,13-Nov-04
VVS Laxman,43,44,5,0,97.72,v Pakistan,Kolkata,13-Nov-04
SR Tendulkar,16,17,2,0,94.11,v Pakistan,Kolkata,13-Nov-04
R Dravid,16,34,1,0,47.05,v Pakistan,Kolkata,13-Nov-04
Joginder Sharma,29*,22,4,0,131.81,v Bangladesh,Dhaka,26-Dec-04
S Sriram,57,91,7,0,62.63,v Bangladesh,Dhaka,26-Dec-04
M Kaif,49,56,5,0,87.5,v Bangladesh,Dhaka,26-Dec-04
SC Ganguly,22,42,3,0,52.38,v Bangladesh,Dhaka,26-Dec-04
D Mongia,12,18,0,0,66.66,v Bangladesh,Dhaka,26-Dec-04
MS Dhoni,12,11,2,0,109.09,v Bangladesh,Dhaka,26-Dec-04
Z Khan,10,14,1,0,71.42,v Bangladesh,Dhaka,26-Dec-04
AB Agarkar,9,15,1,0,60,v Bangladesh,Dhaka,26-Dec-04
Yuvraj Singh,4,8,1,0,50,v Bangladesh,Dhaka,26-Dec-04
M Kartik,3,6,0,0,50,v Bangladesh,Dhaka,26-Dec-04
V Sehwag,0,3,0,0,0,v Bangladesh,Dhaka,26-Dec-04
MS Dhoni,7*,2,0,1,350,v Bangladesh,Dhaka,27-Dec-04
M Kaif,29*,24,2,0,120.83,v Bangladesh,Dhaka,27-Dec-04
V Sehwag,70,52,9,2,134.61,v Bangladesh,Dhaka,27-Dec-04
Yuvraj Singh,69,32,8,3,215.62,v Bangladesh,Dhaka,27-Dec-04
R Dravid,60,68,5,0,88.23,v Bangladesh,Dhaka,27-Dec-04
SC Ganguly,55,80,2,2,68.75,v Bangladesh,Dhaka,27-Dec-04
SR Tendulkar,47,42,9,0,111.9,v Bangladesh,Dhaka,27-Dec-04
Z Khan,2*,3,0,0,66.66,v Pakistan,Kochi,2-Apr-05
Harbhajan Singh,14*,13,0,1,107.69,v Pakistan,Kochi,2-Apr-05
V Sehwag,108,95,9,3,113.68,v Pakistan,Kochi,2-Apr-05
R Dravid,104,139,6,0,74.82,v Pakistan,Kochi,2-Apr-05
Yuvraj Singh,16,22,2,0,72.72,v Pakistan,Kochi,2-Apr-05
M Kaif,7,15,0,0,46.66,v Pakistan,Kochi,2-Apr-05
SR Tendulkar,4,4,1,0,100,v Pakistan,Kochi,2-Apr-05
MS Dhoni,3,7,0,0,42.85,v Pakistan,Kochi,2-Apr-05
SC Ganguly,0,1,0,0,0,v Pakistan,Kochi,2-Apr-05
L Balaji,0,2,0,0,0,v Pakistan,Kochi,2-Apr-05
L Balaji,17*,13,0,1,130.76,v Pakistan,Visakhapatnam,5-Apr-05
MS Dhoni,148,123,15,4,120.32,v Pakistan,Visakhapatnam,5-Apr-05
V Sehwag,74,40,12,2,185,v Pakistan,Visakhapatnam,5-Apr-05
R Dravid,52,59,3,0,88.13,v Pakistan,Visakhapatnam,5-Apr-05
Z Khan,17,9,0,2,188.88,v Pakistan,Visakhapatnam,5-Apr-05
Yuvraj Singh,15,10,2,0,150,v Pakistan,Visakhapatnam,5-Apr-05
Harbhajan Singh,11,16,1,0,68.75,v Pakistan,Visakhapatnam,5-Apr-05
SC Ganguly,9,22,1,0,40.9,v Pakistan,Visakhapatnam,5-Apr-05
SR Tendulkar,2,8,0,0,25,v Pakistan,Visakhapatnam,5-Apr-05
M Kaif,0,1,0,0,0,v Pakistan,Visakhapatnam,5-Apr-05
Z Khan,27*,35,2,2,77.14,v Pakistan,Jamshedpur,9-Apr-05
IK Pathan,64,80,2,4,80,v Pakistan,Jamshedpur,9-Apr-05
M Kaif,32,36,2,0,88.88,v Pakistan,Jamshedpur,9-Apr-05
MS Dhoni,28,24,5,0,116.66,v Pakistan,Jamshedpur,9-Apr-05
R Dravid,28,30,4,0,93.33,v Pakistan,Jamshedpur,9-Apr-05
SR Tendulkar,6,11,1,0,54.54,v Pakistan,Jamshedpur,9-Apr-05
SC Ganguly,4,8,1,0,50,v Pakistan,Jamshedpur,9-Apr-05
A Nehra,3,7,0,0,42.85,v Pakistan,Jamshedpur,9-Apr-05
V Sehwag,2,5,0,0,40,v Pakistan,Jamshedpur,9-Apr-05
Harbhajan Singh,2,10,0,0,20,v Pakistan,Jamshedpur,9-Apr-05
Yuvraj Singh,1,8,0,0,12.5,v Pakistan,Jamshedpur,9-Apr-05
Yuvraj Singh,35*,26,5,0,134.61,v Pakistan,Ahmedabad,12-Apr-05
Z Khan,0*,0,0,0,-,v Pakistan,Ahmedabad,12-Apr-05
SR Tendulkar,123,130,12,2,94.61,v Pakistan,Ahmedabad,12-Apr-05
MS Dhoni,47,64,4,1,73.43,v Pakistan,Ahmedabad,12-Apr-05
V Sehwag,29,32,4,0,90.62,v Pakistan,Ahmedabad,12-Apr-05
R Dravid,19,13,3,0,146.15,v Pakistan,Ahmedabad,12-Apr-05
SC Ganguly,18,33,1,0,54.54,v Pakistan,Ahmedabad,12-Apr-05
M Kaif,5,3,1,0,166.66,v Pakistan,Ahmedabad,12-Apr-05
D Mongia,33*,28,0,2,117.85,v Pakistan,Kanpur,15-Apr-05
Z Khan,1*,1,0,0,100,v Pakistan,Kanpur,15-Apr-05
R Dravid,86,115,8,0,74.78,v Pakistan,Kanpur,15-Apr-05
M Kaif,78,88,9,0,88.63,v Pakistan,Kanpur,15-Apr-05
Yuvraj Singh,18,33,4,0,54.54,v Pakistan,Kanpur,15-Apr-05
MS Dhoni,11,16,1,0,68.75,v Pakistan,Kanpur,15-Apr-05
V Sehwag,5,13,1,0,38.46,v Pakistan,Kanpur,15-Apr-05
SR Tendulkar,1,10,0,0,10,v Pakistan,Kanpur,15-Apr-05
Harbhajan Singh,20*,43,1,0,46.51,v Pakistan,Delhi,17-Apr-05
MS Dhoni,24,38,2,0,63.15,v Pakistan,Delhi,17-Apr-05
V Sehwag,21,26,3,0,80.76,v Pakistan,Delhi,17-Apr-05
R Dravid,19,29,3,0,65.51,v Pakistan,Delhi,17-Apr-05
AB Agarkar,16,26,2,0,61.53,v Pakistan,Delhi,17-Apr-05
Yuvraj Singh,13,17,2,0,76.47,v Pakistan,Delhi,17-Apr-05
SR Tendulkar,9,15,0,0,60,v Pakistan,Delhi,17-Apr-05
Z Khan,7,7,0,1,100,v Pakistan,Delhi,17-Apr-05
M Kaif,4,11,0,0,36.36,v Pakistan,Delhi,17-Apr-05
A Nehra,1,9,0,0,11.11,v Pakistan,Delhi,17-Apr-05
D Mongia,0,4,0,0,0,v Pakistan,Delhi,17-Apr-05
Harbhajan Singh,20*,23,1,1,86.95,v Sri Lanka,Dambulla,30-Jul-05
A Nehra,2*,2,0,0,100,v Sri Lanka,Dambulla,30-Jul-05
R Dravid,54,96,6,0,56.25,v Sri Lanka,Dambulla,30-Jul-05
Y Venugopal Rao,38,74,3,0,51.35,v Sri Lanka,Dambulla,30-Jul-05
IK Pathan,21,32,2,0,65.62,v Sri Lanka,Dambulla,30-Jul-05
Z Khan,20,12,3,0,166.66,v Sri Lanka,Dambulla,30-Jul-05
V Sehwag,14,10,3,0,140,v Sri Lanka,Dambulla,30-Jul-05
Yuvraj Singh,12,33,2,0,36.36,v Sri Lanka,Dambulla,30-Jul-05
M Kaif,8,12,1,0,66.66,v Sri Lanka,Dambulla,30-Jul-05
MS Dhoni,2,7,0,0,28.57,v Sri Lanka,Dambulla,30-Jul-05
SK Raina,0,1,0,0,0,v Sri Lanka,Dambulla,30-Jul-05
R Dravid,52*,65,7,0,80,v West Indies,Dambulla,31-Jul-05
MS Dhoni,15*,11,1,1,136.36,v West Indies,Dambulla,31-Jul-05
SK Raina,35,42,6,0,83.33,v West Indies,Dambulla,31-Jul-05
Yuvraj Singh,28,58,3,0,48.27,v West Indies,Dambulla,31-Jul-05
M Kaif,24,39,5,0,61.53,v West Indies,Dambulla,31-Jul-05
V Sehwag,2,2,0,0,100,v West Indies,Dambulla,31-Jul-05
IK Pathan,36*,28,5,0,128.57,v Sri Lanka,Dambulla,3-Aug-05
L Balaji,1*,1,0,0,100,v Sri Lanka,Dambulla,3-Aug-05
SC Ganguly,51,110,5,0,46.36,v Sri Lanka,Dambulla,3-Aug-05
M Kaif,34,48,1,0,70.83,v Sri Lanka,Dambulla,3-Aug-05
V Sehwag,32,39,5,0,82.05,v Sri Lanka,Dambulla,3-Aug-05
VVS Laxman,22,43,1,0,51.16,v Sri Lanka,Dambulla,3-Aug-05
MS Dhoni,20,27,1,0,74.07,v Sri Lanka,Dambulla,3-Aug-05
Harbhajan Singh,4,2,1,0,200,v Sri Lanka,Dambulla,3-Aug-05
SK Raina,2,5,0,0,40,v Sri Lanka,Dambulla,3-Aug-05
R Dravid,0,1,0,0,0,v Sri Lanka,Dambulla,3-Aug-05
M Kaif,83*,103,6,0,80.58,v West Indies,Colombo (RPS),7-Aug-05
MS Dhoni,28*,13,1,2,215.38,v West Indies,Colombo (RPS),7-Aug-05
SC Ganguly,2*,12,0,0,16.66,v West Indies,Colombo (RPS),7-Aug-05
Yuvraj Singh,110,114,11,1,96.49,v West Indies,Colombo (RPS),7-Aug-05
R Dravid,10,26,2,0,38.46,v West Indies,Colombo (RPS),7-Aug-05
VVS Laxman,7,12,1,0,58.33,v West Indies,Colombo (RPS),7-Aug-05
V Sehwag,6,23,0,0,26.08,v West Indies,Colombo (RPS),7-Aug-05
A Kumble,9*,15,0,0,60,v Sri Lanka,Colombo (RPS),9-Aug-05
A Nehra,9*,7,1,0,128.57,v Sri Lanka,Colombo (RPS),9-Aug-05
R Dravid,69,99,3,0,69.69,v Sri Lanka,Colombo (RPS),9-Aug-05
V Sehwag,48,22,9,1,218.18,v Sri Lanka,Colombo (RPS),9-Aug-05
Yuvraj Singh,42,58,2,0,72.41,v Sri Lanka,Colombo (RPS),9-Aug-05
M Kaif,31,36,3,0,86.11,v Sri Lanka,Colombo (RPS),9-Aug-05
SC Ganguly,26,45,2,0,57.77,v Sri Lanka,Colombo (RPS),9-Aug-05
MS Dhoni,7,11,0,0,63.63,v Sri Lanka,Colombo (RPS),9-Aug-05
Z Khan,5,3,1,0,166.66,v Sri Lanka,Colombo (RPS),9-Aug-05
IK Pathan,1,4,0,0,25,v Sri Lanka,Colombo (RPS),9-Aug-05
Harbhajan Singh,0,1,0,0,0,v Sri Lanka,Colombo (RPS),9-Aug-05
Harbhajan Singh,0*,0,0,0,-,v New Zealand,Bulawayo,26-Aug-05
Jai P Yadav,69,92,11,1,75,v New Zealand,Bulawayo,26-Aug-05
IK Pathan,50,61,3,1,81.96,v New Zealand,Bulawayo,26-Aug-05
V Sehwag,15,22,2,0,68.18,v New Zealand,Bulawayo,26-Aug-05
M Kaif,9,15,1,0,60,v New Zealand,Bulawayo,26-Aug-05
SC Ganguly,5,10,1,0,50,v New Zealand,Bulawayo,26-Aug-05
R Dravid,5,9,1,0,55.55,v New Zealand,Bulawayo,26-Aug-05
MS Dhoni,2,5,0,0,40,v New Zealand,Bulawayo,26-Aug-05
AB Agarkar,2,6,0,0,33.33,v New Zealand,Bulawayo,26-Aug-05
Yuvraj Singh,1,4,0,0,25,v New Zealand,Bulawayo,26-Aug-05
Y Venugopal Rao,0,1,0,0,0,v New Zealand,Bulawayo,26-Aug-05
MS Dhoni,37*,27,3,2,137.03,v New Zealand,Harare,2-Sep-05
M Kaif,102*,121,11,0,84.29,v New Zealand,Harare,2-Sep-05
V Sehwag,45,34,6,0,132.35,v New Zealand,Harare,2-Sep-05
R Dravid,39,61,5,0,63.93,v New Zealand,Harare,2-Sep-05
Yuvraj Singh,22,23,1,1,95.65,v New Zealand,Harare,2-Sep-05
SC Ganguly,19,21,3,0,90.47,v New Zealand,Harare,2-Sep-05
MS Dhoni,67*,63,1,3,106.34,v Zimbabwe,Harare,4-Sep-05
Jai P Yadav,0*,2,0,0,0,v Zimbabwe,Harare,4-Sep-05
Yuvraj Singh,120,124,12,1,96.77,v Zimbabwe,Harare,4-Sep-05
Y Venugopal Rao,27,48,3,0,56.25,v Zimbabwe,Harare,4-Sep-05
V Sehwag,12,13,2,0,92.3,v Zimbabwe,Harare,4-Sep-05
M Kaif,8,21,1,0,38.09,v Zimbabwe,Harare,4-Sep-05
R Dravid,6,11,1,0,54.54,v Zimbabwe,Harare,4-Sep-05
SC Ganguly,2,8,0,0,25,v Zimbabwe,Harare,4-Sep-05
M Kaif,93*,110,8,0,84.54,v New Zealand,Harare,6-Sep-05
V Sehwag,75,65,12,1,115.38,v New Zealand,Harare,6-Sep-05
SC Ganguly,31,44,5,0,70.45,v New Zealand,Harare,6-Sep-05
Yuvraj Singh,20,32,1,0,62.5,v New Zealand,Harare,6-Sep-05
MS Dhoni,11,16,1,0,68.75,v New Zealand,Harare,6-Sep-05
IK Pathan,10,7,1,0,142.85,v New Zealand,Harare,6-Sep-05
Y Venugopal Rao,8,16,0,1,50,v New Zealand,Harare,6-Sep-05
AB Agarkar,6,5,1,0,120,v New Zealand,Harare,6-Sep-05
R Dravid,0,2,0,0,0,v New Zealand,Harare,6-Sep-05
Jai P Yadav,0,2,0,0,0,v New Zealand,Harare,6-Sep-05
A Nehra,0,2,0,0,0,v New Zealand,Harare,6-Sep-05
R Dravid,85*,63,8,1,134.92,v Sri Lanka,Nagpur,25-Oct-05
Jai P Yadav,3*,3,0,0,100,v Sri Lanka,Nagpur,25-Oct-05
SR Tendulkar,93,96,9,2,96.87,v Sri Lanka,Nagpur,25-Oct-05
IK Pathan,83,70,8,4,118.57,v Sri Lanka,Nagpur,25-Oct-05
MS Dhoni,38,28,3,2,135.71,v Sri Lanka,Nagpur,25-Oct-05
V Sehwag,20,25,4,0,80,v Sri Lanka,Nagpur,25-Oct-05
Yuvraj Singh,14,18,1,0,77.77,v Sri Lanka,Nagpur,25-Oct-05
AB Agarkar,1,1,0,0,100,v Sri Lanka,Nagpur,25-Oct-05
SR Tendulkar,67*,69,11,0,97.1,v Sri Lanka,Mohali,28-Oct-05
R Dravid,2*,5,0,0,40,v Sri Lanka,Mohali,28-Oct-05
V Sehwag,38,29,5,1,131.03,v Sri Lanka,Mohali,28-Oct-05
Jai P Yadav,9,19,0,0,47.36,v Sri Lanka,Mohali,28-Oct-05
Y Venugopal Rao,19*,39,1,1,48.71,v Sri Lanka,Jaipur,31-Oct-05
MS Dhoni,183*,145,15,10,126.2,v Sri Lanka,Jaipur,31-Oct-05
V Sehwag,39,37,3,0,105.4,v Sri Lanka,Jaipur,31-Oct-05
R Dravid,28,34,2,0,82.35,v Sri Lanka,Jaipur,31-Oct-05
Yuvraj Singh,18,24,3,0,75,v Sri Lanka,Jaipur,31-Oct-05
SR Tendulkar,2,3,0,0,66.66,v Sri Lanka,Jaipur,31-Oct-05
MS Dhoni,45*,43,1,2,104.65,v Sri Lanka,Pune,3-Nov-05
SK Raina,39*,30,2,0,130,v Sri Lanka,Pune,3-Nov-05
R Dravid,63,72,7,0,87.5,v Sri Lanka,Pune,3-Nov-05
V Sehwag,48,58,7,0,82.75,v Sri Lanka,Pune,3-Nov-05
Y Venugopal Rao,38,41,4,1,92.68,v Sri Lanka,Pune,3-Nov-05
SR Tendulkar,11,19,1,1,57.89,v Sri Lanka,Pune,3-Nov-05
Yuvraj Singh,10,10,2,0,100,v Sri Lanka,Pune,3-Nov-05
IK Pathan,0,3,0,0,0,v Sri Lanka,Pune,3-Nov-05
RP Singh,9*,7,1,0,128.57,v Sri Lanka,Ahmedabad,6-Nov-05
R Dravid,103*,120,8,1,85.83,v Sri Lanka,Ahmedabad,6-Nov-05
G Gambhir,103,97,13,1,106.18,v Sri Lanka,Ahmedabad,6-Nov-05
V Sehwag,19,19,1,0,100,v Sri Lanka,Ahmedabad,6-Nov-05
SK Raina,13,10,2,0,130,v Sri Lanka,Ahmedabad,6-Nov-05
M Kartik,8,14,0,0,57.14,v Sri Lanka,Ahmedabad,6-Nov-05
Y Venugopal Rao,6,9,0,0,66.66,v Sri Lanka,Ahmedabad,6-Nov-05
AB Agarkar,4,8,0,0,50,v Sri Lanka,Ahmedabad,6-Nov-05
Yuvraj Singh,3,21,0,0,14.28,v Sri Lanka,Ahmedabad,6-Nov-05
MS Dhoni,0,1,0,0,0,v Sri Lanka,Ahmedabad,6-Nov-05
R Dravid,31*,48,2,0,64.58,v Sri Lanka,Vadodara,12-Nov-05
Yuvraj Singh,0*,0,0,0,-,v Sri Lanka,Vadodara,12-Nov-05
MS Dhoni,80,73,9,3,109.58,v Sri Lanka,Vadodara,12-Nov-05
SR Tendulkar,39,48,8,0,81.25,v Sri Lanka,Vadodara,12-Nov-05
V Sehwag,35,24,6,0,145.83,v Sri Lanka,Vadodara,12-Nov-05
IK Pathan,35,23,4,2,152.17,v Sri Lanka,Vadodara,12-Nov-05
M Kaif,13,29,1,0,44.82,v Sri Lanka,Vadodara,12-Nov-05
Harbhajan Singh,37*,17,4,2,217.64,v South Africa,Hyderabad (Deccan),16-Nov-05
RP Singh,1*,2,0,0,50,v South Africa,Hyderabad (Deccan),16-Nov-05
Yuvraj Singh,103,122,10,3,84.42,v South Africa,Hyderabad (Deccan),16-Nov-05
IK Pathan,46,63,6,0,73.01,v South Africa,Hyderabad (Deccan),16-Nov-05
AB Agarkar,21,27,2,0,77.77,v South Africa,Hyderabad (Deccan),16-Nov-05
MS Dhoni,17,28,1,0,60.71,v South Africa,Hyderabad (Deccan),16-Nov-05
R Dravid,8,24,1,0,33.33,v South Africa,Hyderabad (Deccan),16-Nov-05
SR Tendulkar,2,9,0,0,22.22,v South Africa,Hyderabad (Deccan),16-Nov-05
V Sehwag,1,4,0,0,25,v South Africa,Hyderabad (Deccan),16-Nov-05
M Kaif,1,3,0,0,33.33,v South Africa,Hyderabad (Deccan),16-Nov-05
G Gambhir,1,4,0,0,25,v South Africa,Hyderabad (Deccan),16-Nov-05
S Sreesanth,0*,1,0,0,0,v Pakistan,Peshawar,6-Feb-06
SR Tendulkar,100,113,10,1,88.49,v Pakistan,Peshawar,6-Feb-06
MS Dhoni,68,53,11,1,128.3,v Pakistan,Peshawar,6-Feb-06
IK Pathan,65,65,12,1,100,v Pakistan,Peshawar,6-Feb-06
Yuvraj Singh,39,28,4,1,139.28,v Pakistan,Peshawar,6-Feb-06
R Dravid,18,14,2,0,128.57,v Pakistan,Peshawar,6-Feb-06
M Kaif,8,12,0,0,66.66,v Pakistan,Peshawar,6-Feb-06
V Sehwag,5,6,1,0,83.33,v Pakistan,Peshawar,6-Feb-06
Z Khan,5,3,1,0,166.66,v Pakistan,Peshawar,6-Feb-06
AB Agarkar,3,6,0,0,50,v Pakistan,Peshawar,6-Feb-06
M Kartik,1,3,0,0,33.33,v Pakistan,Peshawar,6-Feb-06
Yuvraj Singh,82*,89,8,2,92.13,v Pakistan,Rawalpindi,11-Feb-06
M Kaif,5*,9,0,0,55.55,v Pakistan,Rawalpindi,11-Feb-06
V Sehwag,67,60,10,1,111.66,v Pakistan,Rawalpindi,11-Feb-06
R Dravid,56,61,5,0,91.8,v Pakistan,Rawalpindi,11-Feb-06
SR Tendulkar,42,43,8,0,97.67,v Pakistan,Rawalpindi,11-Feb-06
RP Singh,2*,3,0,0,66.66,v England,Delhi,28-Mar-06
Harbhajan Singh,37,46,3,1,80.43,v England,Delhi,28-Mar-06
R Dravid,34,50,7,0,68,v England,Delhi,28-Mar-06
IK Pathan,28,43,4,0,65.11,v England,Delhi,28-Mar-06
G Gambhir,25,27,3,1,92.59,v England,Delhi,28-Mar-06
SK Raina,24,62,3,0,38.7,v England,Delhi,28-Mar-06
MS Dhoni,20,28,2,0,71.42,v England,Delhi,28-Mar-06
V Sehwag,7,8,1,0,87.5,v England,Delhi,28-Mar-06
M Kaif,4,9,0,0,44.44,v England,Delhi,28-Mar-06
Yuvraj Singh,1,6,0,0,16.66,v England,Delhi,28-Mar-06
S Sreesanth,0,1,0,0,0,v England,Delhi,28-Mar-06
SK Raina,81*,89,8,1,91.01,v England,Faridabad,31-Mar-06
IK Pathan,12*,11,1,0,109.09,v England,Faridabad,31-Mar-06
MS Dhoni,38,55,2,0,69.09,v England,Faridabad,31-Mar-06
G Gambhir,29,45,4,0,64.44,v England,Faridabad,31-Mar-06
V Sehwag,26,45,4,0,57.77,v England,Faridabad,31-Mar-06
Yuvraj Singh,18,20,4,0,90,v England,Faridabad,31-Mar-06
R Dravid,5,23,0,0,21.73,v England,Faridabad,31-Mar-06
M Kaif,0,6,0,0,0,v England,Faridabad,31-Mar-06
MS Dhoni,13*,6,1,1,216.66,v England,Margao,3-Apr-06
RR Powar,1*,1,0,0,100,v England,Margao,3-Apr-06
Yuvraj Singh,103,76,10,3,135.52,v England,Margao,3-Apr-06
SK Raina,61,68,5,1,89.7,v England,Margao,3-Apr-06
R Dravid,46,59,6,0,77.96,v England,Margao,3-Apr-06
IK Pathan,36,63,3,1,57.14,v England,Margao,3-Apr-06
V Sehwag,15,26,2,0,57.69,v England,Margao,3-Apr-06
M Kaif,0,3,0,0,0,v England,Margao,3-Apr-06
RR Powar,2*,10,0,0,20,v England,Kochi,6-Apr-06
MS Dhoni,10*,13,1,0,76.92,v England,Kochi,6-Apr-06
R Dravid,65,73,9,0,89.04,v England,Kochi,6-Apr-06
Yuvraj Singh,48,55,6,0,87.27,v England,Kochi,6-Apr-06
IK Pathan,46,56,6,1,82.14,v England,Kochi,6-Apr-06
V Sehwag,26,33,4,0,78.78,v England,Kochi,6-Apr-06
SK Raina,21,38,0,0,55.26,v England,Kochi,6-Apr-06
M Kaif,5,13,0,0,38.46,v England,Kochi,6-Apr-06
MM Patel,1*,3,0,0,33.33,v England,Jamshedpur,12-Apr-06
MS Dhoni,96,106,10,3,90.56,v England,Jamshedpur,12-Apr-06
RR Powar,54,83,4,1,65.06,v England,Jamshedpur,12-Apr-06
M Kaif,15,21,2,0,71.42,v England,Jamshedpur,12-Apr-06
Y Venugopal Rao,10,11,2,0,90.9,v England,Jamshedpur,12-Apr-06
VRV Singh,8,13,1,0,61.53,v England,Jamshedpur,12-Apr-06
RP Singh,7,20,0,0,35,v England,Jamshedpur,12-Apr-06
V Sehwag,4,5,1,0,80,v England,Jamshedpur,12-Apr-06
Yuvraj Singh,4,11,0,0,36.36,v England,Jamshedpur,12-Apr-06
Harbhajan Singh,4,8,0,0,50,v England,Jamshedpur,12-Apr-06
SK Raina,2,7,0,0,28.57,v England,Jamshedpur,12-Apr-06
IK Pathan,7*,8,0,0,87.5,v Pakistan,Abu Dhabi,19-Apr-06
R Dravid,92,116,10,0,79.31,v Pakistan,Abu Dhabi,19-Apr-06
V Sehwag,73,83,10,1,87.95,v Pakistan,Abu Dhabi,19-Apr-06
MS Dhoni,59,72,5,0,81.94,v Pakistan,Abu Dhabi,19-Apr-06
Yuvraj Singh,24,10,3,1,240,v Pakistan,Abu Dhabi,19-Apr-06
SK Raina,6,11,0,0,54.54,v Pakistan,Abu Dhabi,19-Apr-06
SK Raina,7*,6,1,0,116.66,v West Indies,Kingston,18-May-06
M Kaif,66*,91,3,0,72.52,v West Indies,Kingston,18-May-06
R Dravid,105,102,10,2,102.94,v West Indies,Kingston,18-May-06
V Sehwag,22,32,3,0,68.75,v West Indies,Kingston,18-May-06
MS Dhoni,18,11,2,1,163.63,v West Indies,Kingston,18-May-06
Yuvraj Singh,12,28,1,0,42.85,v West Indies,Kingston,18-May-06
IK Pathan,1,4,0,0,25,v West Indies,Kingston,18-May-06
MM Patel,2*,5,0,0,40,v West Indies,Kingston,20-May-06
Yuvraj Singh,93,121,8,1,76.85,v West Indies,Kingston,20-May-06
SK Raina,27,55,1,0,49.09,v West Indies,Kingston,20-May-06
IK Pathan,14,32,2,0,43.75,v West Indies,Kingston,20-May-06
V Sehwag,12,19,1,0,63.15,v West Indies,Kingston,20-May-06
RR Powar,12,22,1,0,54.54,v West Indies,Kingston,20-May-06
R Dravid,11,22,1,0,50,v West Indies,Kingston,20-May-06
M Kaif,4,12,0,0,33.33,v West Indies,Kingston,20-May-06
MS Dhoni,2,7,0,0,28.57,v West Indies,Kingston,20-May-06
AB Agarkar,2,4,0,0,50,v West Indies,Kingston,20-May-06
Harbhajan Singh,1,4,0,0,25,v West Indies,Kingston,20-May-06
Harbhajan Singh,8*,9,0,0,88.88,v West Indies,Basseterre,23-May-06
S Sreesanth,1*,1,0,0,100,v West Indies,Basseterre,23-May-06
V Sehwag,97,83,9,3,116.86,v West Indies,Basseterre,23-May-06
M Kaif,61,89,2,0,68.53,v West Indies,Basseterre,23-May-06
SK Raina,26,28,4,0,92.85,v West Indies,Basseterre,23-May-06
MS Dhoni,15,26,1,0,57.69,v West Indies,Basseterre,23-May-06
Y Venugopal Rao,11,28,0,0,39.28,v West Indies,Basseterre,23-May-06
AB Agarkar,8,21,0,0,38.09,v West Indies,Basseterre,23-May-06
IK Pathan,1,4,0,0,25,v West Indies,Basseterre,23-May-06
RR Powar,1,8,0,0,12.5,v West Indies,Basseterre,23-May-06
R Dravid,0,4,0,0,0,v West Indies,Basseterre,23-May-06
MS Dhoni,46*,58,6,0,79.31,v West Indies,Port of Spain,26-May-06
RR Powar,0*,0,0,0,-,v West Indies,Port of Spain,26-May-06
M Kaif,62,84,5,0,73.8,v West Indies,Port of Spain,26-May-06
Yuvraj Singh,52,78,5,0,66.66,v West Indies,Port of Spain,26-May-06
R Dravid,15,38,1,0,39.47,v West Indies,Port of Spain,26-May-06
V Sehwag,11,11,2,0,100,v West Indies,Port of Spain,26-May-06
IK Pathan,8,7,1,0,114.28,v West Indies,Port of Spain,26-May-06
SK Raina,7,22,0,0,31.81,v West Indies,Port of Spain,26-May-06
AB Agarkar,0,4,0,0,0,v West Indies,Port of Spain,26-May-06
S Sreesanth,2*,2,0,0,100,v West Indies,Port of Spain,28-May-06
V Sehwag,95,103,10,1,92.23,v West Indies,Port of Spain,28-May-06
Yuvraj Singh,26,30,2,0,86.66,v West Indies,Port of Spain,28-May-06
Harbhajan Singh,26,33,3,0,78.78,v West Indies,Port of Spain,28-May-06
AB Agarkar,21,34,0,0,61.76,v West Indies,Port of Spain,28-May-06
R Dravid,18,25,3,0,72,v West Indies,Port of Spain,28-May-06
MS Dhoni,14,19,2,0,73.68,v West Indies,Port of Spain,28-May-06
M Kaif,12,26,1,0,46.15,v West Indies,Port of Spain,28-May-06
SK Raina,2,14,0,0,14.28,v West Indies,Port of Spain,28-May-06
RV Uthappa,0,3,0,0,0,v West Indies,Port of Spain,28-May-06
MM Patel,0,1,0,0,0,v West Indies,Port of Spain,28-May-06
R Dravid,9*,19,2,0,47.36,v Sri Lanka,Colombo (SSC),18-Aug-06
SR Tendulkar,2*,3,0,0,66.66,v Sri Lanka,Colombo (SSC),18-Aug-06
D Mongia,63*,90,5,0,70,v Australia,Kuala Lumpur,22-Sep-06
SK Raina,26,36,2,1,72.22,v Australia,Kuala Lumpur,22-Sep-06
MS Dhoni,23,34,0,1,67.64,v Australia,Kuala Lumpur,22-Sep-06
M Kaif,21,37,2,0,56.75,v Australia,Kuala Lumpur,22-Sep-06
V Sehwag,10,11,0,0,90.9,v Australia,Kuala Lumpur,22-Sep-06
AB Agarkar,9,12,0,0,75,v Australia,Kuala Lumpur,22-Sep-06
R Dravid,7,21,1,0,33.33,v Australia,Kuala Lumpur,22-Sep-06
SR Tendulkar,4,10,1,0,40,v Australia,Kuala Lumpur,22-Sep-06
RP Singh,4,12,0,0,33.33,v Australia,Kuala Lumpur,22-Sep-06
MM Patel,1,2,0,0,50,v Australia,Kuala Lumpur,22-Sep-06
Harbhajan Singh,0,2,0,0,0,v Australia,Kuala Lumpur,22-Sep-06
Harbhajan Singh,6*,11,1,0,54.54,v England,Jaipur,15-Oct-06
Yuvraj Singh,27*,61,4,0,44.26,v England,Jaipur,15-Oct-06
SR Tendulkar,35,41,5,0,85.36,v England,Jaipur,15-Oct-06
IK Pathan,19,34,4,0,55.88,v England,Jaipur,15-Oct-06
V Sehwag,9,4,2,0,225,v England,Jaipur,15-Oct-06
MS Dhoni,7,22,0,0,31.81,v England,Jaipur,15-Oct-06
R Dravid,4,3,1,0,133.33,v England,Jaipur,15-Oct-06
SK Raina,0,2,0,0,0,v England,Jaipur,15-Oct-06
RP Singh,0*,1,0,0,0,v West Indies,Ahmedabad,26-Oct-06
MS Dhoni,51,65,1,2,78.46,v West Indies,Ahmedabad,26-Oct-06
R Dravid,49,67,6,0,73.13,v West Indies,Ahmedabad,26-Oct-06
SR Tendulkar,29,45,4,0,64.44,v West Indies,Ahmedabad,26-Oct-06
Yuvraj Singh,27,43,4,0,62.79,v West Indies,Ahmedabad,26-Oct-06
SK Raina,19,37,1,0,51.35,v West Indies,Ahmedabad,26-Oct-06
V Sehwag,17,20,3,0,85,v West Indies,Ahmedabad,26-Oct-06
Harbhajan Singh,15,15,1,0,100,v West Indies,Ahmedabad,26-Oct-06
AB Agarkar,1,2,0,0,50,v West Indies,Ahmedabad,26-Oct-06
IK Pathan,0,6,0,0,0,v West Indies,Ahmedabad,26-Oct-06
Harbhajan Singh,5*,3,0,0,166.66,v Australia,Mohali,29-Oct-06
V Sehwag,65,90,9,0,72.22,v Australia,Mohali,29-Oct-06
R Dravid,52,63,6,0,82.53,v Australia,Mohali,29-Oct-06
M Kaif,30,43,2,0,69.76,v Australia,Mohali,29-Oct-06
MS Dhoni,28,23,2,0,121.73,v Australia,Mohali,29-Oct-06
D Mongia,18,30,3,0,60,v Australia,Mohali,29-Oct-06
SK Raina,13,19,2,0,68.42,v Australia,Mohali,29-Oct-06
SR Tendulkar,10,26,2,0,38.46,v Australia,Mohali,29-Oct-06
IK Pathan,10,7,1,0,142.85,v Australia,Mohali,29-Oct-06
Z Khan,2*,11,0,0,18.18,v South Africa,Cape Town,26-Nov-06
R Dravid,63,103,4,1,61.16,v South Africa,Cape Town,26-Nov-06
MS Dhoni,55,48,3,4,114.58,v South Africa,Cape Town,26-Nov-06
KD Karthik,14,23,2,1,60.86,v South Africa,Cape Town,26-Nov-06
M Kaif,10,17,1,0,58.82,v South Africa,Cape Town,26-Nov-06
Harbhajan Singh,10,12,2,0,83.33,v South Africa,Cape Town,26-Nov-06
AB Agarkar,6,9,1,0,66.66,v South Africa,Cape Town,26-Nov-06
SR Tendulkar,2,9,0,0,22.22,v South Africa,Cape Town,26-Nov-06
IK Pathan,1,10,0,0,10,v South Africa,Cape Town,26-Nov-06
V Sehwag,0,4,0,0,0,v South Africa,Cape Town,26-Nov-06
A Kumble,0,3,0,0,0,v South Africa,Cape Town,26-Nov-06
IK Pathan,47*,55,4,2,85.45,v South Africa,Port Elizabeth,29-Nov-06
MS Dhoni,26,21,4,1,123.8,v South Africa,Port Elizabeth,29-Nov-06
V Sehwag,18,22,3,0,81.81,v South Africa,Port Elizabeth,29-Nov-06
KD Karthik,17,38,2,0,44.73,v South Africa,Port Elizabeth,29-Nov-06
Z Khan,11,12,2,0,91.66,v South Africa,Port Elizabeth,29-Nov-06
W Jaffer,10,20,2,0,50,v South Africa,Port Elizabeth,29-Nov-06
M Kaif,10,22,2,0,45.45,v South Africa,Port Elizabeth,29-Nov-06
AB Agarkar,6,14,1,0,42.85,v South Africa,Port Elizabeth,29-Nov-06
S Sreesanth,3,13,0,0,23.07,v South Africa,Port Elizabeth,29-Nov-06
A Kumble,2,14,0,0,14.28,v South Africa,Port Elizabeth,29-Nov-06
SR Tendulkar,1,3,0,0,33.33,v South Africa,Port Elizabeth,29-Nov-06
Z Khan,16*,10,1,1,160,v South Africa,Centurion,3-Dec-06
SR Tendulkar,55,97,8,0,56.7,v South Africa,Centurion,3-Dec-06
MS Dhoni,44,49,2,2,89.79,v South Africa,Centurion,3-Dec-06
D Mongia,41,89,3,0,46.06,v South Africa,Centurion,3-Dec-06
V Sehwag,11,22,2,0,50,v South Africa,Centurion,3-Dec-06
KD Karthik,11,15,2,0,73.33,v South Africa,Centurion,3-Dec-06
IK Pathan,7,9,0,0,77.77,v South Africa,Centurion,3-Dec-06
Harbhajan Singh,1,5,0,0,20,v South Africa,Centurion,3-Dec-06
A Kumble,1,3,0,0,33.33,v South Africa,Centurion,3-Dec-06
VVS Laxman,0,1,0,0,0,v South Africa,Centurion,3-Dec-06
MS Dhoni,67*,74,4,0,90.54,v Sri Lanka,Margao,14-Feb-07
KD Karthik,4*,6,1,0,66.66,v Sri Lanka,Margao,14-Feb-07
R Dravid,66,82,4,1,80.48,v Sri Lanka,Margao,14-Feb-07
SC Ganguly,48,72,6,0,66.66,v Sri Lanka,Margao,14-Feb-07
Yuvraj Singh,21,31,4,0,67.74,v Sri Lanka,Margao,14-Feb-07
V Sehwag,12,9,3,0,133.33,v Sri Lanka,Margao,14-Feb-07
SR Tendulkar,1,8,0,0,12.5,v Sri Lanka,Margao,14-Feb-07
Yuvraj Singh,95*,83,11,3,114.45,v Sri Lanka,Visakhapatnam,17-Feb-07
SC Ganguly,58*,74,3,3,78.37,v Sri Lanka,Visakhapatnam,17-Feb-07
RV Uthappa,52,37,9,1,140.54,v Sri Lanka,Visakhapatnam,17-Feb-07
V Sehwag,46,44,7,0,104.54,v Sri Lanka,Visakhapatnam,17-Feb-07
KD Karthik,1,9,0,0,11.11,v Sri Lanka,Visakhapatnam,17-Feb-07
Z Khan,15*,17,2,0,88.23,v Bangladesh,Port of Spain,17-Mar-07
SC Ganguly,66,129,4,0,51.16,v Bangladesh,Port of Spain,17-Mar-07
Yuvraj Singh,47,58,3,1,81.03,v Bangladesh,Port of Spain,17-Mar-07
MM Patel,15,15,2,0,100,v Bangladesh,Port of Spain,17-Mar-07
R Dravid,14,28,0,0,50,v Bangladesh,Port of Spain,17-Mar-07
RV Uthappa,9,17,1,0,52.94,v Bangladesh,Port of Spain,17-Mar-07
SR Tendulkar,7,26,1,0,26.92,v Bangladesh,Port of Spain,17-Mar-07
V Sehwag,2,6,0,0,33.33,v Bangladesh,Port of Spain,17-Mar-07
MS Dhoni,0,3,0,0,0,v Bangladesh,Port of Spain,17-Mar-07
Harbhajan Singh,0,3,0,0,0,v Bangladesh,Port of Spain,17-Mar-07
AB Agarkar,0,2,0,0,0,v Bangladesh,Port of Spain,17-Mar-07
MS Dhoni,91*,106,7,0,85.84,v Bangladesh,Dhaka,10-May-07
KD Karthik,58*,60,4,0,96.66,v Bangladesh,Dhaka,10-May-07
V Sehwag,30,21,7,0,142.85,v Bangladesh,Dhaka,10-May-07
R Dravid,22,39,2,0,56.41,v Bangladesh,Dhaka,10-May-07
G Gambhir,21,17,4,0,123.52,v Bangladesh,Dhaka,10-May-07
D Mongia,17,25,2,0,68,v Bangladesh,Dhaka,10-May-07
Yuvraj Singh,1,9,0,0,11.11,v Bangladesh,Dhaka,10-May-07
Z Khan,9*,4,2,0,225,v Bangladesh,Dhaka,12-May-07
R Dravid,42*,47,1,0,89.36,v Bangladesh,Dhaka,12-May-07
G Gambhir,101,113,11,0,89.38,v Bangladesh,Dhaka,12-May-07
MS Dhoni,36,54,4,0,66.66,v Bangladesh,Dhaka,12-May-07
Yuvraj Singh,24,22,2,2,109.09,v Bangladesh,Dhaka,12-May-07
V Sehwag,21,26,1,1,80.76,v Bangladesh,Dhaka,12-May-07
D Mongia,17,16,2,0,106.25,v Bangladesh,Dhaka,12-May-07
KD Karthik,6,4,1,0,150,v Bangladesh,Dhaka,12-May-07
RR Powar,5,11,0,0,45.45,v Bangladesh,Dhaka,12-May-07
PP Chawla,1,2,0,0,50,v Bangladesh,Dhaka,12-May-07
I Sharma,1*,1,0,0,100,v Australia,Brisbane,3-Feb-08
G Gambhir,39,51,4,0,76.47,v Australia,Brisbane,3-Feb-08
MS Dhoni,37,61,1,0,60.65,v Australia,Brisbane,3-Feb-08
RG Sharma,29,43,5,0,67.44,v Australia,Brisbane,3-Feb-08
Harbhajan Singh,27,19,3,0,142.1,v Australia,Brisbane,3-Feb-08
IK Pathan,21,40,0,1,52.5,v Australia,Brisbane,3-Feb-08
SR Tendulkar,10,17,1,0,58.82,v Australia,Brisbane,3-Feb-08
V Sehwag,6,8,1,0,75,v Australia,Brisbane,3-Feb-08
RV Uthappa,5,13,0,0,38.46,v Australia,Brisbane,3-Feb-08
S Sreesanth,4,3,0,0,133.33,v Australia,Brisbane,3-Feb-08
MK Tiwary,2,16,0,0,12.5,v Australia,Brisbane,3-Feb-08
MS Dhoni,88*,95,5,1,92.63,v Sri Lanka,Brisbane,5-Feb-08
G Gambhir,102*,101,10,1,100.99,v Sri Lanka,Brisbane,5-Feb-08
SR Tendulkar,35,52,2,0,67.3,v Sri Lanka,Brisbane,5-Feb-08
V Sehwag,33,39,2,1,84.61,v Sri Lanka,Brisbane,5-Feb-08
Yuvraj Singh,2,11,0,0,18.18,v Sri Lanka,Brisbane,5-Feb-08
RG Sharma,0,2,0,0,0,v Sri Lanka,Brisbane,5-Feb-08
RG Sharma,39*,61,2,0,63.93,v Australia,Melbourne,10-Feb-08
MS Dhoni,17*,54,0,0,31.48,v Australia,Melbourne,10-Feb-08
SR Tendulkar,44,54,3,0,81.48,v Australia,Melbourne,10-Feb-08
G Gambhir,21,43,2,0,48.83,v Australia,Melbourne,10-Feb-08
IK Pathan,18,30,1,0,60,v Australia,Melbourne,10-Feb-08
V Sehwag,11,19,2,0,57.89,v Australia,Melbourne,10-Feb-08
Yuvraj Singh,3,14,0,0,21.42,v Australia,Melbourne,10-Feb-08
RG Sharma,70*,64,6,1,109.37,v Sri Lanka,Canberra,12-Feb-08
RV Uthappa,0*,0,0,0,-,v Sri Lanka,Canberra,12-Feb-08
G Gambhir,35,33,3,0,106.06,v Sri Lanka,Canberra,12-Feb-08
SR Tendulkar,32,30,4,0,106.66,v Sri Lanka,Canberra,12-Feb-08
MS Dhoni,31,26,3,0,119.23,v Sri Lanka,Canberra,12-Feb-08
V Sehwag,14,18,2,0,77.77,v Sri Lanka,Canberra,12-Feb-08
Yuvraj Singh,6,3,1,0,200,v Sri Lanka,Canberra,12-Feb-08
S Sreesanth,3*,4,0,0,75,v Australia,Sydney,24-Feb-08
G Gambhir,113,119,9,1,94.95,v Australia,Sydney,24-Feb-08
RV Uthappa,51,46,4,1,110.86,v Australia,Sydney,24-Feb-08
MS Dhoni,36,66,4,0,54.54,v Australia,Sydney,24-Feb-08
IK Pathan,22,21,2,0,104.76,v Australia,Sydney,24-Feb-08
Harbhajan Singh,20,11,3,0,181.81,v Australia,Sydney,24-Feb-08
V Sehwag,17,19,3,0,89.47,v Australia,Sydney,24-Feb-08
Yuvraj Singh,5,3,1,0,166.66,v Australia,Sydney,24-Feb-08
SR Tendulkar,2,3,0,0,66.66,v Australia,Sydney,24-Feb-08
I Sharma,2,4,0,0,50,v Australia,Sydney,24-Feb-08
RG Sharma,1,3,0,0,33.33,v Australia,Sydney,24-Feb-08
P Kumar,6*,7,0,0,85.71,v Pakistan,Dhaka,10-Jun-08
PP Chawla,0*,2,0,0,0,v Pakistan,Dhaka,10-Jun-08
V Sehwag,89,76,13,1,117.1,v Pakistan,Dhaka,10-Jun-08
G Gambhir,62,62,6,0,100,v Pakistan,Dhaka,10-Jun-08
Yuvraj Singh,55,54,3,3,101.85,v Pakistan,Dhaka,10-Jun-08
SK Raina,26,22,0,2,118.18,v Pakistan,Dhaka,10-Jun-08
MS Dhoni,24,23,5,0,104.34,v Pakistan,Dhaka,10-Jun-08
IK Pathan,18,18,1,0,100,v Pakistan,Dhaka,10-Jun-08
RG Sharma,9,27,0,0,33.33,v Pakistan,Dhaka,10-Jun-08
YK Pathan,3,12,0,0,25,v Pakistan,Dhaka,10-Jun-08
G Gambhir,107*,101,13,1,105.94,v Bangladesh,Dhaka,12-Jun-08
SK Raina,0*,2,0,0,0,v Bangladesh,Dhaka,12-Jun-08
V Sehwag,59,32,7,2,184.37,v Bangladesh,Dhaka,12-Jun-08
RG Sharma,26,43,1,1,60.46,v Bangladesh,Dhaka,12-Jun-08
Yuvraj Singh,26,33,1,1,78.78,v Bangladesh,Dhaka,12-Jun-08
I Sharma,0*,1,0,0,0,v Pakistan,Dhaka,14-Jun-08
MS Dhoni,64,59,3,2,108.47,v Pakistan,Dhaka,14-Jun-08
Yuvraj Singh,56,59,5,1,94.91,v Pakistan,Dhaka,14-Jun-08
G Gambhir,40,33,4,1,121.21,v Pakistan,Dhaka,14-Jun-08
IK Pathan,28,35,1,1,80,v Pakistan,Dhaka,14-Jun-08
YK Pathan,25,25,4,0,100,v Pakistan,Dhaka,14-Jun-08
RG Sharma,24,27,5,0,88.88,v Pakistan,Dhaka,14-Jun-08
SK Raina,24,32,2,0,75,v Pakistan,Dhaka,14-Jun-08
P Kumar,5,8,0,0,62.5,v Pakistan,Dhaka,14-Jun-08
V Sehwag,2,8,0,0,25,v Pakistan,Dhaka,14-Jun-08
PP Chawla,2,5,0,0,40,v Pakistan,Dhaka,14-Jun-08
RV Uthappa,15*,9,0,1,166.66,v Hong Kong,Karachi,25-Jun-08
MS Dhoni,109*,96,6,6,113.54,v Hong Kong,Karachi,25-Jun-08
SK Raina,101,68,7,5,148.52,v Hong Kong,Karachi,25-Jun-08
V Sehwag,78,44,13,2,177.27,v Hong Kong,Karachi,25-Jun-08
G Gambhir,51,54,7,0,94.44,v Hong Kong,Karachi,25-Jun-08
RG Sharma,11,29,0,0,37.93,v Hong Kong,Karachi,25-Jun-08
MS Dhoni,26*,30,0,1,86.66,v Pakistan,Karachi,26-Jun-08
RG Sharma,0*,1,0,0,0,v Pakistan,Karachi,26-Jun-08
V Sehwag,119,95,12,5,125.26,v Pakistan,Karachi,26-Jun-08
SK Raina,84,69,10,3,121.73,v Pakistan,Karachi,26-Jun-08
Yuvraj Singh,48,47,1,3,102.12,v Pakistan,Karachi,26-Jun-08
G Gambhir,9,12,2,0,75,v Pakistan,Karachi,26-Jun-08
IK Pathan,38*,25,4,0,152,v Pakistan,Karachi,2-Jul-08
P Kumar,1*,1,0,0,100,v Pakistan,Karachi,2-Jul-08
MS Dhoni,76,96,4,0,79.16,v Pakistan,Karachi,2-Jul-08
RG Sharma,58,71,4,0,81.69,v Pakistan,Karachi,2-Jul-08
V Sehwag,49,33,6,2,148.48,v Pakistan,Karachi,2-Jul-08
Yuvraj Singh,37,32,4,1,115.62,v Pakistan,Karachi,2-Jul-08
G Gambhir,35,32,4,0,109.37,v Pakistan,Karachi,2-Jul-08
SK Raina,1,6,0,0,16.66,v Pakistan,Karachi,2-Jul-08
YK Pathan,0,4,0,0,0,v Pakistan,Karachi,2-Jul-08
Yuvraj Singh,36*,31,3,1,116.12,v Sri Lanka,Karachi,3-Jul-08
RG Sharma,22*,28,2,0,78.57,v Sri Lanka,Karachi,3-Jul-08
G Gambhir,68,61,11,0,111.47,v Sri Lanka,Karachi,3-Jul-08
MS Dhoni,67,62,5,1,108.06,v Sri Lanka,Karachi,3-Jul-08
SK Raina,54,66,3,0,81.81,v Sri Lanka,Karachi,3-Jul-08
V Sehwag,42,34,6,1,123.52,v Sri Lanka,Karachi,3-Jul-08
PP Ojha,6*,17,0,0,35.29,v Sri Lanka,Karachi,6-Jul-08
V Sehwag,60,36,12,0,166.66,v Sri Lanka,Karachi,6-Jul-08
MS Dhoni,49,74,4,0,66.21,v Sri Lanka,Karachi,6-Jul-08
RV Uthappa,20,41,2,0,48.78,v Sri Lanka,Karachi,6-Jul-08
SK Raina,16,21,3,0,76.19,v Sri Lanka,Karachi,6-Jul-08
I Sharma,8,18,1,0,44.44,v Sri Lanka,Karachi,6-Jul-08
G Gambhir,6,13,1,0,46.15,v Sri Lanka,Karachi,6-Jul-08
RG Sharma,3,8,0,0,37.5,v Sri Lanka,Karachi,6-Jul-08
IK Pathan,2,6,0,0,33.33,v Sri Lanka,Karachi,6-Jul-08
Yuvraj Singh,0,2,0,0,0,v Sri Lanka,Karachi,6-Jul-08
RP Singh,0,1,0,0,0,v Sri Lanka,Karachi,6-Jul-08
Yuvraj Singh,138*,78,16,6,176.92,v England,Rajkot,14-Nov-08
RG Sharma,11*,8,1,0,137.5,v England,Rajkot,14-Nov-08
V Sehwag,85,73,10,3,116.43,v England,Rajkot,14-Nov-08
G Gambhir,51,63,8,0,80.95,v England,Rajkot,14-Nov-08
SK Raina,43,44,0,3,97.72,v England,Rajkot,14-Nov-08
MS Dhoni,39,32,3,1,121.87,v England,Rajkot,14-Nov-08
YK Pathan,0,2,0,0,0,v England,Rajkot,14-Nov-08
YK Pathan,50*,29,2,4,172.41,v England,Indore,17-Nov-08
MM Patel,0*,1,0,0,0,v England,Indore,17-Nov-08
Yuvraj Singh,118,122,15,2,96.72,v England,Indore,17-Nov-08
G Gambhir,70,76,6,1,92.1,v England,Indore,17-Nov-08
MS Dhoni,15,26,1,0,57.69,v England,Indore,17-Nov-08
Harbhajan Singh,8,10,0,0,80,v England,Indore,17-Nov-08
SK Raina,4,9,1,0,44.44,v England,Indore,17-Nov-08
RP Singh,4,5,0,0,80,v England,Indore,17-Nov-08
RG Sharma,3,13,0,0,23.07,v England,Indore,17-Nov-08
V Sehwag,1,4,0,0,25,v England,Indore,17-Nov-08
Z Khan,1,7,0,0,14.28,v England,Indore,17-Nov-08
MS Dhoni,29*,51,4,0,56.86,v England,Kanpur,20-Nov-08
YK Pathan,12*,16,2,0,75,v England,Kanpur,20-Nov-08
V Sehwag,68,76,8,1,89.47,v England,Kanpur,20-Nov-08
Yuvraj Singh,38,31,2,1,122.58,v England,Kanpur,20-Nov-08
RG Sharma,28,41,3,0,68.29,v England,Kanpur,20-Nov-08
G Gambhir,14,17,3,0,82.35,v England,Kanpur,20-Nov-08
SK Raina,1,8,0,0,12.5,v England,Kanpur,20-Nov-08
YK Pathan,6*,1,0,1,600,v England,Bengaluru,23-Nov-08
Yuvraj Singh,25*,11,0,3,227.27,v England,Bengaluru,23-Nov-08
V Sehwag,69,57,9,3,121.05,v England,Bengaluru,23-Nov-08
G Gambhir,40,37,7,0,108.1,v England,Bengaluru,23-Nov-08
SR Tendulkar,11,21,2,0,52.38,v England,Bengaluru,23-Nov-08
MS Dhoni,9,5,0,1,180,v England,Bengaluru,23-Nov-08
RG Sharma,8*,10,1,0,80,v England,Cuttack,26-Nov-08
SK Raina,53*,53,8,0,100,v England,Cuttack,26-Nov-08
V Sehwag,91,73,15,1,124.65,v England,Cuttack,26-Nov-08
SR Tendulkar,50,57,6,0,87.71,v England,Cuttack,26-Nov-08
MS Dhoni,50,61,5,0,81.96,v England,Cuttack,26-Nov-08
Yuvraj Singh,6,9,0,0,66.66,v England,Cuttack,26-Nov-08
PP Ojha,0*,0,0,0,-,v Sri Lanka,Colombo (RPS),31-Jan-09
Yuvraj Singh,66,88,7,1,75,v Sri Lanka,Colombo (RPS),31-Jan-09
V Sehwag,42,26,7,0,161.53,v Sri Lanka,Colombo (RPS),31-Jan-09
SK Raina,29,43,0,1,67.44,v Sri Lanka,Colombo (RPS),31-Jan-09
G Gambhir,27,28,4,0,96.42,v Sri Lanka,Colombo (RPS),31-Jan-09
MS Dhoni,23,35,0,0,65.71,v Sri Lanka,Colombo (RPS),31-Jan-09
YK Pathan,21,28,2,0,75,v Sri Lanka,Colombo (RPS),31-Jan-09
Z Khan,17,23,0,1,73.91,v Sri Lanka,Colombo (RPS),31-Jan-09
P Kumar,15,21,1,0,71.42,v Sri Lanka,Colombo (RPS),31-Jan-09
SR Tendulkar,6,9,0,0,66.66,v Sri Lanka,Colombo (RPS),31-Jan-09
YK Pathan,59*,38,4,3,155.26,v Sri Lanka,Colombo (RPS),3-Feb-09
MS Dhoni,35*,45,1,0,77.77,v Sri Lanka,Colombo (RPS),3-Feb-09
Yuvraj Singh,117,95,17,1,123.15,v Sri Lanka,Colombo (RPS),3-Feb-09
V Sehwag,116,90,17,0,128.88,v Sri Lanka,Colombo (RPS),3-Feb-09
G Gambhir,10,9,2,0,111.11,v Sri Lanka,Colombo (RPS),3-Feb-09
SK Raina,9,14,1,0,64.28,v Sri Lanka,Colombo (RPS),3-Feb-09
SR Tendulkar,7,12,0,1,58.33,v Sri Lanka,Colombo (RPS),3-Feb-09
SK Raina,49*,37,4,1,132.43,v Sri Lanka,Colombo (RPS),5-Feb-09
RG Sharma,4*,6,0,0,66.66,v Sri Lanka,Colombo (RPS),5-Feb-09
G Gambhir,150,147,14,1,102.04,v Sri Lanka,Colombo (RPS),5-Feb-09
MS Dhoni,94,96,4,2,97.91,v Sri Lanka,Colombo (RPS),5-Feb-09
V Sehwag,5,8,1,0,62.5,v Sri Lanka,Colombo (RPS),5-Feb-09
Yuvraj Singh,5,6,1,0,83.33,v Sri Lanka,Colombo (RPS),5-Feb-09
YK Pathan,0,1,0,0,0,v Sri Lanka,Colombo (RPS),5-Feb-09
RA Jadeja,60*,77,5,0,77.92,v Sri Lanka,Colombo (RPS),8-Feb-09
Yuvraj Singh,73,62,11,1,117.74,v Sri Lanka,Colombo (RPS),8-Feb-09
MS Dhoni,53,58,1,2,91.37,v Sri Lanka,Colombo (RPS),8-Feb-09
RG Sharma,15,22,1,0,68.18,v Sri Lanka,Colombo (RPS),8-Feb-09
G Gambhir,13,15,2,0,86.66,v Sri Lanka,Colombo (RPS),8-Feb-09
IK Pathan,8,21,0,0,38.09,v Sri Lanka,Colombo (RPS),8-Feb-09
L Balaji,7,10,1,0,70,v Sri Lanka,Colombo (RPS),8-Feb-09
V Sehwag,6,6,1,0,100,v Sri Lanka,Colombo (RPS),8-Feb-09
I Sharma,4,6,0,0,66.66,v Sri Lanka,Colombo (RPS),8-Feb-09
YK Pathan,3,13,0,0,23.07,v Sri Lanka,Colombo (RPS),8-Feb-09
SK Raina,0,3,0,0,0,v Sri Lanka,Colombo (RPS),8-Feb-09
MS Dhoni,84*,89,6,0,94.38,v New Zealand,Napier,3-Mar-09
YK Pathan,20*,10,2,1,200,v New Zealand,Napier,3-Mar-09
V Sehwag,77,56,11,1,137.5,v New Zealand,Napier,3-Mar-09
SK Raina,66,39,5,4,169.23,v New Zealand,Napier,3-Mar-09
SR Tendulkar,20,23,2,0,86.95,v New Zealand,Napier,3-Mar-09
Yuvraj Singh,2,13,0,0,15.38,v New Zealand,Napier,3-Mar-09
MS Dhoni,23*,19,2,0,121.05,v New Zealand,Wellington,6-Mar-09
SK Raina,13*,8,2,0,162.5,v New Zealand,Wellington,6-Mar-09
SR Tendulkar,61,69,7,1,88.4,v New Zealand,Wellington,6-Mar-09
V Sehwag,54,36,9,1,150,v New Zealand,Wellington,6-Mar-09
G Gambhir,30,36,2,0,83.33,v New Zealand,Wellington,6-Mar-09
Yuvraj Singh,0,4,0,0,0,v New Zealand,Wellington,6-Mar-09
SK Raina,38*,18,0,5,211.11,v New Zealand,Christchurch,8-Mar-09
SR Tendulkar,163*,133,16,5,122.55,v New Zealand,Christchurch,8-Mar-09
YK Pathan,1*,2,0,0,50,v New Zealand,Christchurch,8-Mar-09
Yuvraj Singh,87,60,10,6,145,v New Zealand,Christchurch,8-Mar-09
MS Dhoni,68,58,5,2,117.24,v New Zealand,Christchurch,8-Mar-09
G Gambhir,15,27,1,0,55.55,v New Zealand,Christchurch,8-Mar-09
V Sehwag,3,6,0,0,50,v New Zealand,Christchurch,8-Mar-09
G Gambhir,63*,67,6,0,94.02,v New Zealand,Hamilton,11-Mar-09
V Sehwag,125*,74,14,6,168.91,v New Zealand,Hamilton,11-Mar-09
RG Sharma,43*,74,1,1,58.1,v New Zealand,Auckland,14-Mar-09
V Sehwag,40,27,3,3,148.14,v New Zealand,Auckland,14-Mar-09
Yuvraj Singh,11,24,0,0,45.83,v New Zealand,Auckland,14-Mar-09
MS Dhoni,9,21,1,0,42.85,v New Zealand,Auckland,14-Mar-09
SK Raina,8,19,1,0,42.1,v New Zealand,Auckland,14-Mar-09
P Kumar,6,12,1,0,50,v New Zealand,Auckland,14-Mar-09
G Gambhir,5,16,0,0,31.25,v New Zealand,Auckland,14-Mar-09
Z Khan,5,10,0,0,50,v New Zealand,Auckland,14-Mar-09
I Sharma,3,7,0,0,42.85,v New Zealand,Auckland,14-Mar-09
Harbhajan Singh,1,5,0,0,20,v New Zealand,Auckland,14-Mar-09
YK Pathan,0,4,0,0,0,v New Zealand,Auckland,14-Mar-09
P Kumar,40*,32,5,1,125,v Australia,Vadodara,25-Oct-09
A Nehra,2*,2,0,0,100,v Australia,Vadodara,25-Oct-09
G Gambhir,68,85,6,1,80,v Australia,Vadodara,25-Oct-09
Harbhajan Singh,49,31,4,3,158.06,v Australia,Vadodara,25-Oct-09
MS Dhoni,34,46,4,0,73.91,v Australia,Vadodara,25-Oct-09
V Kohli,30,41,3,0,73.17,v Australia,Vadodara,25-Oct-09
SR Tendulkar,14,29,2,0,48.27,v Australia,Vadodara,25-Oct-09
V Sehwag,13,11,3,0,118.18,v Australia,Vadodara,25-Oct-09
SK Raina,9,10,0,1,90,v Australia,Vadodara,25-Oct-09
RA Jadeja,5,13,0,0,38.46,v Australia,Vadodara,25-Oct-09
Harbhajan Singh,1*,1,0,0,100,v Australia,Nagpur,28-Oct-09
MS Dhoni,124,107,9,3,115.88,v Australia,Nagpur,28-Oct-09
G Gambhir,76,80,6,0,95,v Australia,Nagpur,28-Oct-09
SK Raina,62,50,6,1,124,v Australia,Nagpur,28-Oct-09
V Sehwag,40,31,6,1,129.03,v Australia,Nagpur,28-Oct-09
Yuvraj Singh,23,24,2,1,95.83,v Australia,Nagpur,28-Oct-09
SR Tendulkar,4,8,1,0,50,v Australia,Nagpur,28-Oct-09
P Kumar,1,1,0,0,100,v Australia,Nagpur,28-Oct-09
SK Raina,9*,13,1,0,69.23,v Australia,Delhi,31-Oct-09
MS Dhoni,71*,95,6,0,74.73,v Australia,Delhi,31-Oct-09
Yuvraj Singh,78,96,8,2,81.25,v Australia,Delhi,31-Oct-09
SR Tendulkar,32,47,2,0,68.08,v Australia,Delhi,31-Oct-09
V Sehwag,11,25,1,0,44,v Australia,Delhi,31-Oct-09
G Gambhir,6,15,0,0,40,v Australia,Delhi,31-Oct-09
I Sharma,3*,8,0,0,37.5,v Australia,Mohali,2-Nov-09
SR Tendulkar,40,68,6,0,58.82,v Australia,Mohali,2-Nov-09
Harbhajan Singh,31,25,5,1,124,v Australia,Mohali,2-Nov-09
V Sehwag,30,19,7,0,157.89,v Australia,Mohali,2-Nov-09
MS Dhoni,26,46,2,0,56.52,v Australia,Mohali,2-Nov-09
SK Raina,17,30,0,0,56.66,v Australia,Mohali,2-Nov-09
P Kumar,16,19,3,0,84.21,v Australia,Mohali,2-Nov-09
Yuvraj Singh,12,21,0,0,57.14,v Australia,Mohali,2-Nov-09
V Kohli,10,16,1,0,62.5,v Australia,Mohali,2-Nov-09
RA Jadeja,7,21,1,0,33.33,v Australia,Mohali,2-Nov-09
A Nehra,7,8,1,0,87.5,v Australia,Mohali,2-Nov-09
MM Patel,2*,3,0,0,66.66,v Australia,Hyderabad (Deccan),5-Nov-09
SR Tendulkar,175,141,19,4,124.11,v Australia,Hyderabad (Deccan),5-Nov-09
SK Raina,59,59,3,3,100,v Australia,Hyderabad (Deccan),5-Nov-09
V Sehwag,38,30,5,1,126.66,v Australia,Hyderabad (Deccan),5-Nov-09
RA Jadeja,23,17,3,0,135.29,v Australia,Hyderabad (Deccan),5-Nov-09
Yuvraj Singh,9,10,1,0,90,v Australia,Hyderabad (Deccan),5-Nov-09
P Kumar,9,9,0,1,100,v Australia,Hyderabad (Deccan),5-Nov-09
G Gambhir,8,13,1,0,61.53,v Australia,Hyderabad (Deccan),5-Nov-09
MS Dhoni,6,15,0,0,40,v Australia,Hyderabad (Deccan),5-Nov-09
A Nehra,1,2,0,0,50,v Australia,Hyderabad (Deccan),5-Nov-09
Harbhajan Singh,0,2,0,0,0,v Australia,Hyderabad (Deccan),5-Nov-09
P Kumar,54*,51,7,1,105.88,v Australia,Guwahati,8-Nov-09
RA Jadeja,57,103,6,0,55.33,v Australia,Guwahati,8-Nov-09
MS Dhoni,24,77,1,0,31.16,v Australia,Guwahati,8-Nov-09
SR Tendulkar,10,17,2,0,58.82,v Australia,Guwahati,8-Nov-09
V Sehwag,6,4,0,1,150,v Australia,Guwahati,8-Nov-09
Yuvraj Singh,6,16,1,0,37.5,v Australia,Guwahati,8-Nov-09
A Nehra,4,12,0,0,33.33,v Australia,Guwahati,8-Nov-09
G Gambhir,0,2,0,0,0,v Australia,Guwahati,8-Nov-09
SK Raina,0,5,0,0,0,v Australia,Guwahati,8-Nov-09
Harbhajan Singh,0,2,0,0,0,v Australia,Guwahati,8-Nov-09
MM Patel,0,2,0,0,0,v Australia,Guwahati,8-Nov-09
P Kumar,5*,7,0,0,71.42,v Sri Lanka,Rajkot,15-Dec-09
RA Jadeja,30*,17,1,2,176.47,v Sri Lanka,Rajkot,15-Dec-09
V Sehwag,146,102,17,6,143.13,v Sri Lanka,Rajkot,15-Dec-09
MS Dhoni,72,53,7,3,135.84,v Sri Lanka,Rajkot,15-Dec-09
SR Tendulkar,69,63,10,1,109.52,v Sri Lanka,Rajkot,15-Dec-09
V Kohli,27,19,4,0,142.1,v Sri Lanka,Rajkot,15-Dec-09
SK Raina,16,20,2,0,80,v Sri Lanka,Rajkot,15-Dec-09
G Gambhir,11,8,1,0,137.5,v Sri Lanka,Rajkot,15-Dec-09
Harbhajan Singh,11,13,1,0,84.61,v Sri Lanka,Rajkot,15-Dec-09
RA Jadeja,12*,6,2,0,200,v Sri Lanka,Nagpur,18-Dec-09
MS Dhoni,107,111,8,2,96.39,v Sri Lanka,Nagpur,18-Dec-09
SK Raina,68,55,4,3,123.63,v Sri Lanka,Nagpur,18-Dec-09
V Kohli,54,65,7,0,83.07,v Sri Lanka,Nagpur,18-Dec-09
SR Tendulkar,43,52,4,0,82.69,v Sri Lanka,Nagpur,18-Dec-09
V Sehwag,4,4,1,0,100,v Sri Lanka,Nagpur,18-Dec-09
G Gambhir,2,6,0,0,33.33,v Sri Lanka,Nagpur,18-Dec-09
Harbhajan Singh,0,1,0,0,0,v Sri Lanka,Nagpur,18-Dec-09
SR Tendulkar,96*,104,13,0,92.3,v Sri Lanka,Cuttack,21-Dec-09
KD Karthik,32*,31,4,1,103.22,v Sri Lanka,Cuttack,21-Dec-09
V Sehwag,44,28,9,0,157.14,v Sri Lanka,Cuttack,21-Dec-09
G Gambhir,32,52,3,0,61.53,v Sri Lanka,Cuttack,21-Dec-09
Yuvraj Singh,23,40,3,0,57.5,v Sri Lanka,Cuttack,21-Dec-09
KD Karthik,19*,22,1,0,86.36,v Sri Lanka,Kolkata,24-Dec-09
G Gambhir,150*,137,14,0,109.48,v Sri Lanka,Kolkata,24-Dec-09
V Kohli,107,114,11,1,93.85,v Sri Lanka,Kolkata,24-Dec-09
V Sehwag,10,10,2,0,100,v Sri Lanka,Kolkata,24-Dec-09
SR Tendulkar,8,8,2,0,100,v Sri Lanka,Kolkata,24-Dec-09
A Nehra,4*,6,0,0,66.66,v Sri Lanka,Dhaka,5-Jan-10
S Sreesanth,1*,3,0,0,33.33,v Sri Lanka,Dhaka,5-Jan-10
Yuvraj Singh,74,84,6,2,88.09,v Sri Lanka,Dhaka,5-Jan-10
V Sehwag,47,31,9,0,151.61,v Sri Lanka,Dhaka,5-Jan-10
RA Jadeja,39,34,3,1,114.7,v Sri Lanka,Dhaka,5-Jan-10
MS Dhoni,37,70,3,0,52.85,v Sri Lanka,Dhaka,5-Jan-10
SK Raina,35,46,4,0,76.08,v Sri Lanka,Dhaka,5-Jan-10
V Kohli,9,12,1,0,75,v Sri Lanka,Dhaka,5-Jan-10
G Gambhir,8,12,1,0,66.66,v Sri Lanka,Dhaka,5-Jan-10
Z Khan,2,4,0,0,50,v Sri Lanka,Dhaka,5-Jan-10
Harbhajan Singh,1,2,0,0,50,v Sri Lanka,Dhaka,5-Jan-10
SK Raina,51*,43,5,1,118.6,v Bangladesh,Dhaka,7-Jan-10
MS Dhoni,101*,107,9,0,94.39,v Bangladesh,Dhaka,7-Jan-10
V Kohli,91,102,7,0,89.21,v Bangladesh,Dhaka,7-Jan-10
G Gambhir,18,24,2,0,75,v Bangladesh,Dhaka,7-Jan-10
V Sehwag,13,8,2,0,162.5,v Bangladesh,Dhaka,7-Jan-10
Yuvraj Singh,1,4,0,0,25,v Bangladesh,Dhaka,7-Jan-10
A Nehra,2*,3,0,0,66.66,v Sri Lanka,Dhaka,13-Jan-10
SK Raina,106,115,10,1,92.17,v Sri Lanka,Dhaka,13-Jan-10
V Sehwag,42,27,7,0,155.55,v Sri Lanka,Dhaka,13-Jan-10
RA Jadeja,38,64,0,0,59.37,v Sri Lanka,Dhaka,13-Jan-10
Z Khan,16,8,2,1,200,v Sri Lanka,Dhaka,13-Jan-10
MS Dhoni,14,19,3,0,73.68,v Sri Lanka,Dhaka,13-Jan-10
Harbhajan Singh,11,26,0,0,42.3,v Sri Lanka,Dhaka,13-Jan-10
S Sreesanth,4,15,0,0,26.66,v Sri Lanka,Dhaka,13-Jan-10
V Kohli,2,8,0,0,25,v Sri Lanka,Dhaka,13-Jan-10
G Gambhir,0,2,0,0,0,v Sri Lanka,Dhaka,13-Jan-10
Yuvraj Singh,0,3,0,0,0,v Sri Lanka,Dhaka,13-Jan-10
A Nehra,16*,17,1,1,94.11,v South Africa,Jaipur,21-Feb-10
S Sreesanth,0*,0,0,0,-,v South Africa,Jaipur,21-Feb-10
SK Raina,58,63,6,1,92.06,v South Africa,Jaipur,21-Feb-10
V Sehwag,46,37,6,2,124.32,v South Africa,Jaipur,21-Feb-10
KD Karthik,44,56,5,1,78.57,v South Africa,Jaipur,21-Feb-10
V Kohli,31,46,1,0,67.39,v South Africa,Jaipur,21-Feb-10
MS Dhoni,26,29,2,0,89.65,v South Africa,Jaipur,21-Feb-10
RA Jadeja,22,20,1,0,110,v South Africa,Jaipur,21-Feb-10
YK Pathan,18,13,2,1,138.46,v South Africa,Jaipur,21-Feb-10
P Kumar,13,14,0,0,92.85,v South Africa,Jaipur,21-Feb-10
SR Tendulkar,4,5,1,0,80,v South Africa,Jaipur,21-Feb-10
MS Dhoni,68*,35,7,4,194.28,v South Africa,Gwalior,24-Feb-10
SR Tendulkar,200*,147,25,3,136.05,v South Africa,Gwalior,24-Feb-10
KD Karthik,79,85,4,3,92.94,v South Africa,Gwalior,24-Feb-10
YK Pathan,36,23,4,2,156.52,v South Africa,Gwalior,24-Feb-10
V Sehwag,9,11,1,0,81.81,v South Africa,Gwalior,24-Feb-10
MS Dhoni,38*,45,3,1,84.44,v Bangladesh,Dambulla,16-Jun-10
SK Raina,1*,1,0,0,100,v Bangladesh,Dambulla,16-Jun-10
G Gambhir,82,101,6,0,81.18,v Bangladesh,Dambulla,16-Jun-10
V Sehwag,11,14,2,0,78.57,v Bangladesh,Dambulla,16-Jun-10
V Kohli,11,22,0,0,50,v Bangladesh,Dambulla,16-Jun-10
RG Sharma,0,1,0,0,0,v Bangladesh,Dambulla,16-Jun-10
P Kumar,3*,2,0,0,150,v Pakistan,Dambulla,19-Jun-10
Harbhajan Singh,15*,11,0,2,136.36,v Pakistan,Dambulla,19-Jun-10
G Gambhir,83,97,6,1,85.56,v Pakistan,Dambulla,19-Jun-10
MS Dhoni,56,71,2,1,78.87,v Pakistan,Dambulla,19-Jun-10
SK Raina,34,27,2,2,125.92,v Pakistan,Dambulla,19-Jun-10
RG Sharma,22,24,2,0,91.66,v Pakistan,Dambulla,19-Jun-10
V Kohli,18,27,1,0,66.66,v Pakistan,Dambulla,19-Jun-10
V Sehwag,10,32,1,0,31.25,v Pakistan,Dambulla,19-Jun-10
RA Jadeja,6,9,0,0,66.66,v Pakistan,Dambulla,19-Jun-10
PP Ojha,0*,4,0,0,0,v New Zealand,Dambulla,10-Aug-10
RA Jadeja,20,44,2,0,45.45,v New Zealand,Dambulla,10-Aug-10
V Sehwag,19,23,3,0,82.6,v New Zealand,Dambulla,10-Aug-10
KD Karthik,14,20,2,0,70,v New Zealand,Dambulla,10-Aug-10
SK Raina,6,6,1,0,100,v New Zealand,Dambulla,10-Aug-10
Yuvraj Singh,5,25,1,0,20,v New Zealand,Dambulla,10-Aug-10
RG Sharma,4,11,0,0,36.36,v New Zealand,Dambulla,10-Aug-10
A Mithun,4,16,0,0,25,v New Zealand,Dambulla,10-Aug-10
A Nehra,4,11,1,0,36.36,v New Zealand,Dambulla,10-Aug-10
MS Dhoni,2,9,0,0,22.22,v New Zealand,Dambulla,10-Aug-10
P Kumar,1,8,0,0,12.5,v New Zealand,Dambulla,10-Aug-10
V Sehwag,99*,100,11,2,99,v Sri Lanka,Dambulla,16-Aug-10
MS Dhoni,23*,38,2,0,60.52,v Sri Lanka,Dambulla,16-Aug-10
SK Raina,21,35,2,0,60,v Sri Lanka,Dambulla,16-Aug-10
KD Karthik,10,35,0,0,28.57,v Sri Lanka,Dambulla,16-Aug-10
V Kohli,0,3,0,0,0,v Sri Lanka,Dambulla,16-Aug-10
RG Sharma,0,2,0,0,0,v Sri Lanka,Dambulla,16-Aug-10
PP Ojha,2*,10,0,0,20,v Sri Lanka,Dambulla,22-Aug-10
Yuvraj Singh,38,64,5,1,59.37,v Sri Lanka,Dambulla,22-Aug-10
V Sehwag,12,12,2,0,100,v Sri Lanka,Dambulla,22-Aug-10
RG Sharma,11,21,2,0,52.38,v Sri Lanka,Dambulla,22-Aug-10
MS Dhoni,10,16,2,0,62.5,v Sri Lanka,Dambulla,22-Aug-10
KD Karthik,9,25,0,0,36,v Sri Lanka,Dambulla,22-Aug-10
SK Raina,8,16,1,0,50,v Sri Lanka,Dambulla,22-Aug-10
I Sharma,3,24,0,0,12.5,v Sri Lanka,Dambulla,22-Aug-10
A Nehra,2,4,0,0,50,v Sri Lanka,Dambulla,22-Aug-10
RA Jadeja,0,9,0,0,0,v Sri Lanka,Dambulla,22-Aug-10
P Kumar,0,1,0,0,0,v Sri Lanka,Dambulla,22-Aug-10
I Sharma,8*,12,1,0,66.66,v New Zealand,Dambulla,25-Aug-10
V Sehwag,110,93,16,1,118.27,v New Zealand,Dambulla,25-Aug-10
MS Dhoni,38,75,3,0,50.66,v New Zealand,Dambulla,25-Aug-10
RA Jadeja,17,26,3,0,65.38,v New Zealand,Dambulla,25-Aug-10
V Kohli,8,16,1,0,50,v New Zealand,Dambulla,25-Aug-10
MM Patel,7,10,1,0,70,v New Zealand,Dambulla,25-Aug-10
Yuvraj Singh,6,19,1,0,31.57,v New Zealand,Dambulla,25-Aug-10
P Kumar,6,12,1,0,50,v New Zealand,Dambulla,25-Aug-10
SK Raina,1,3,0,0,33.33,v New Zealand,Dambulla,25-Aug-10
KD Karthik,0,3,0,0,0,v New Zealand,Dambulla,25-Aug-10
A Nehra,0,12,0,0,0,v New Zealand,Dambulla,25-Aug-10
MM Patel,0*,1,0,0,0,v Sri Lanka,Dambulla,28-Aug-10
MS Dhoni,67,100,5,1,67,v Sri Lanka,Dambulla,28-Aug-10
V Kohli,37,57,5,0,64.91,v Sri Lanka,Dambulla,28-Aug-10
SK Raina,29,28,1,2,103.57,v Sri Lanka,Dambulla,28-Aug-10
V Sehwag,28,22,6,0,127.27,v Sri Lanka,Dambulla,28-Aug-10
Yuvraj Singh,26,31,4,0,83.87,v Sri Lanka,Dambulla,28-Aug-10
P Kumar,14,16,1,1,87.5,v Sri Lanka,Dambulla,28-Aug-10
RG Sharma,5,9,0,0,55.55,v Sri Lanka,Dambulla,28-Aug-10
A Nehra,2,7,0,0,28.57,v Sri Lanka,Dambulla,28-Aug-10
KD Karthik,0,2,0,0,0,v Sri Lanka,Dambulla,28-Aug-10
I Sharma,0,12,0,0,0,v Sri Lanka,Dambulla,28-Aug-10
V Kohli,100*,83,8,2,120.48,v Bangladesh,Dhaka,19-Feb-11
V Sehwag,175,140,14,5,125,v Bangladesh,Dhaka,19-Feb-11
G Gambhir,39,39,3,0,100,v Bangladesh,Dhaka,19-Feb-11
SR Tendulkar,28,29,4,0,96.55,v Bangladesh,Dhaka,19-Feb-11
YK Pathan,8,10,0,0,80,v Bangladesh,Dhaka,19-Feb-11
MM Patel,0*,0,0,0,-,v England,Bengaluru,27-Feb-11
SR Tendulkar,120,115,10,5,104.34,v England,Bengaluru,27-Feb-11
Yuvraj Singh,58,50,9,0,116,v England,Bengaluru,27-Feb-11
G Gambhir,51,61,5,0,83.6,v England,Bengaluru,27-Feb-11
V Sehwag,35,26,6,0,134.61,v England,Bengaluru,27-Feb-11
MS Dhoni,31,25,3,1,124,v England,Bengaluru,27-Feb-11
YK Pathan,14,8,1,1,175,v England,Bengaluru,27-Feb-11
V Kohli,8,5,1,0,160,v England,Bengaluru,27-Feb-11
Z Khan,4,5,0,0,80,v England,Bengaluru,27-Feb-11
PP Chawla,2,4,0,0,50,v England,Bengaluru,27-Feb-11
Harbhajan Singh,0,1,0,0,0,v England,Bengaluru,27-Feb-11
Yuvraj Singh,50*,75,3,0,66.66,v Ireland,Bengaluru,6-Mar-11
YK Pathan,30*,24,2,3,125,v Ireland,Bengaluru,6-Mar-11
SR Tendulkar,38,56,4,0,67.85,v Ireland,Bengaluru,6-Mar-11
V Kohli,34,53,3,0,64.15,v Ireland,Bengaluru,6-Mar-11
MS Dhoni,34,50,2,0,68,v Ireland,Bengaluru,6-Mar-11
G Gambhir,10,15,2,0,66.66,v Ireland,Bengaluru,6-Mar-11
V Sehwag,5,3,1,0,166.66,v Ireland,Bengaluru,6-Mar-11
Yuvraj Singh,51*,73,7,0,69.86,v Netherlands,Delhi,9-Mar-11
MS Dhoni,19*,40,2,0,47.5,v Netherlands,Delhi,9-Mar-11
V Sehwag,39,26,5,2,150,v Netherlands,Delhi,9-Mar-11
G Gambhir,28,28,3,0,100,v Netherlands,Delhi,9-Mar-11
SR Tendulkar,27,22,6,0,122.72,v Netherlands,Delhi,9-Mar-11
V Kohli,12,20,2,0,60,v Netherlands,Delhi,9-Mar-11
YK Pathan,11,10,1,1,110,v Netherlands,Delhi,9-Mar-11
MS Dhoni,12*,21,0,0,57.14,v South Africa,Nagpur,12-Mar-11
SR Tendulkar,111,101,8,3,109.9,v South Africa,Nagpur,12-Mar-11
V Sehwag,73,66,12,0,110.6,v South Africa,Nagpur,12-Mar-11
G Gambhir,69,75,7,0,92,v South Africa,Nagpur,12-Mar-11
Yuvraj Singh,12,9,0,1,133.33,v South Africa,Nagpur,12-Mar-11
Harbhajan Singh,3,9,0,0,33.33,v South Africa,Nagpur,12-Mar-11
V Kohli,1,3,0,0,33.33,v South Africa,Nagpur,12-Mar-11
YK Pathan,0,2,0,0,0,v South Africa,Nagpur,12-Mar-11
Z Khan,0,3,0,0,0,v South Africa,Nagpur,12-Mar-11
A Nehra,0,3,0,0,0,v South Africa,Nagpur,12-Mar-11
MM Patel,0,1,0,0,0,v South Africa,Nagpur,12-Mar-11
Yuvraj Singh,57*,65,8,0,87.69,v Australia,Ahmedabad,24-Mar-11
SK Raina,34*,28,2,1,121.42,v Australia,Ahmedabad,24-Mar-11
SR Tendulkar,53,68,7,0,77.94,v Australia,Ahmedabad,24-Mar-11
G Gambhir,50,64,2,0,78.12,v Australia,Ahmedabad,24-Mar-11
V Kohli,24,33,1,0,72.72,v Australia,Ahmedabad,24-Mar-11
V Sehwag,15,22,2,0,68.18,v Australia,Ahmedabad,24-Mar-11
MS Dhoni,7,8,1,0,87.5,v Australia,Ahmedabad,24-Mar-11
SK Raina,36*,39,3,0,92.3,v Pakistan,Mohali,30-Mar-11
MM Patel,0*,0,0,0,-,v Pakistan,Mohali,30-Mar-11
SR Tendulkar,85,115,11,0,73.91,v Pakistan,Mohali,30-Mar-11
V Sehwag,38,25,9,0,152,v Pakistan,Mohali,30-Mar-11
G Gambhir,27,32,2,0,84.37,v Pakistan,Mohali,30-Mar-11
MS Dhoni,25,42,2,0,59.52,v Pakistan,Mohali,30-Mar-11
Harbhajan Singh,12,15,2,0,80,v Pakistan,Mohali,30-Mar-11
V Kohli,9,21,0,0,42.85,v Pakistan,Mohali,30-Mar-11
Z Khan,9,10,1,0,90,v Pakistan,Mohali,30-Mar-11
A Nehra,1,2,0,0,50,v Pakistan,Mohali,30-Mar-11
Yuvraj Singh,0,1,0,0,0,v Pakistan,Mohali,30-Mar-11
MS Dhoni,91*,79,8,2,115.18,v Sri Lanka,Mumbai,2-Apr-11
Yuvraj Singh,21*,24,2,0,87.5,v Sri Lanka,Mumbai,2-Apr-11
G Gambhir,97,122,9,0,79.5,v Sri Lanka,Mumbai,2-Apr-11
V Kohli,35,49,4,0,71.42,v Sri Lanka,Mumbai,2-Apr-11
SR Tendulkar,18,14,2,0,128.57,v Sri Lanka,Mumbai,2-Apr-11
V Sehwag,0,2,0,0,0,v Sri Lanka,Mumbai,2-Apr-11
VR Aaron,6*,11,1,0,54.54,v West Indies,Cuttack,29-Nov-11
UT Yadav,6*,9,1,0,66.66,v West Indies,Cuttack,29-Nov-11
RG Sharma,72,99,3,1,72.72,v West Indies,Cuttack,29-Nov-11
RA Jadeja,38,62,3,0,61.29,v West Indies,Cuttack,29-Nov-11
V Sehwag,20,29,3,0,68.96,v West Indies,Cuttack,29-Nov-11
R Vinay Kumar,18,48,1,0,37.5,v West Indies,Cuttack,29-Nov-11
PA Patel,12,13,2,0,92.3,v West Indies,Cuttack,29-Nov-11
R Ashwin,6,10,0,0,60,v West Indies,Cuttack,29-Nov-11
SK Raina,5,7,0,0,71.42,v West Indies,Cuttack,29-Nov-11
G Gambhir,4,3,1,0,133.33,v West Indies,Cuttack,29-Nov-11
V Kohli,3,6,0,0,50,v West Indies,Cuttack,29-Nov-11
RG Sharma,90*,98,7,2,91.83,v West Indies,Visakhapatnam,2-Dec-11
RA Jadeja,9*,8,1,0,112.5,v West Indies,Visakhapatnam,2-Dec-11
V Kohli,117,123,14,0,95.12,v West Indies,Visakhapatnam,2-Dec-11
V Sehwag,26,35,3,0,74.28,v West Indies,Visakhapatnam,2-Dec-11
G Gambhir,12,18,2,0,66.66,v West Indies,Visakhapatnam,2-Dec-11
PA Patel,2,6,0,0,33.33,v West Indies,Visakhapatnam,2-Dec-11
SK Raina,0,1,0,0,0,v West Indies,Visakhapatnam,2-Dec-11
UT Yadav,11*,10,2,0,110,v West Indies,Ahmedabad,5-Dec-11
RG Sharma,95,100,10,1,95,v West Indies,Ahmedabad,5-Dec-11
PA Patel,39,35,7,0,111.42,v West Indies,Ahmedabad,5-Dec-11
R Ashwin,31,64,1,0,48.43,v West Indies,Ahmedabad,5-Dec-11
A Mithun,23,16,2,2,143.75,v West Indies,Ahmedabad,5-Dec-11
V Kohli,20,30,3,0,66.66,v West Indies,Ahmedabad,5-Dec-11
RA Jadeja,11,16,2,0,68.75,v West Indies,Ahmedabad,5-Dec-11
R Vinay Kumar,3,8,0,0,37.5,v West Indies,Ahmedabad,5-Dec-11
SK Raina,2,3,0,0,66.66,v West Indies,Ahmedabad,5-Dec-11
V Sehwag,0,1,0,0,0,v West Indies,Ahmedabad,5-Dec-11
G Gambhir,0,1,0,0,0,v West Indies,Ahmedabad,5-Dec-11
PA Patel,3*,3,0,0,100,v West Indies,Indore,8-Dec-11
V Kohli,23*,11,3,0,209.09,v West Indies,Indore,8-Dec-11
V Sehwag,219,149,25,7,146.97,v West Indies,Indore,8-Dec-11
G Gambhir,67,67,11,0,100,v West Indies,Indore,8-Dec-11
SK Raina,55,44,6,0,125,v West Indies,Indore,8-Dec-11
RG Sharma,27,16,3,0,168.75,v West Indies,Indore,8-Dec-11
RA Jadeja,10,10,0,0,100,v West Indies,Indore,8-Dec-11
R Ashwin,30*,38,3,0,78.94,v Sri Lanka,Perth,8-Feb-12
RA Jadeja,24*,28,1,0,85.71,v Sri Lanka,Perth,8-Feb-12
V Kohli,77,94,8,1,81.91,v Sri Lanka,Perth,8-Feb-12
SR Tendulkar,48,63,5,0,76.19,v Sri Lanka,Perth,8-Feb-12
SK Raina,24,27,3,0,88.88,v Sri Lanka,Perth,8-Feb-12
V Sehwag,10,8,2,0,125,v Sri Lanka,Perth,8-Feb-12
RG Sharma,10,17,1,0,58.82,v Sri Lanka,Perth,8-Feb-12
MS Dhoni,4,5,1,0,80,v Sri Lanka,Perth,8-Feb-12
MS Dhoni,44*,58,0,1,75.86,v Australia,Adelaide,12-Feb-12
R Ashwin,1*,2,0,0,50,v Australia,Adelaide,12-Feb-12
G Gambhir,92,111,7,0,82.88,v Australia,Adelaide,12-Feb-12
SK Raina,38,30,3,1,126.66,v Australia,Adelaide,12-Feb-12
RG Sharma,33,41,1,1,80.48,v Australia,Adelaide,12-Feb-12
V Sehwag,20,21,3,0,95.23,v Australia,Adelaide,12-Feb-12
V Kohli,18,28,1,0,64.28,v Australia,Adelaide,12-Feb-12
RA Jadeja,12,8,0,0,150,v Australia,Adelaide,12-Feb-12
UT Yadav,0*,2,0,0,0,v Sri Lanka,Brisbane,21-Feb-12
V Kohli,66,83,2,0,79.51,v Sri Lanka,Brisbane,21-Feb-12
IK Pathan,47,34,7,0,138.23,v Sri Lanka,Brisbane,21-Feb-12
SK Raina,32,55,1,0,58.18,v Sri Lanka,Brisbane,21-Feb-12
G Gambhir,29,34,4,0,85.29,v Sri Lanka,Brisbane,21-Feb-12
SR Tendulkar,22,23,3,0,95.65,v Sri Lanka,Brisbane,21-Feb-12
RA Jadeja,17,21,1,0,80.95,v Sri Lanka,Brisbane,21-Feb-12
R Ashwin,5,6,0,0,83.33,v Sri Lanka,Brisbane,21-Feb-12
PA Patel,4,7,0,0,57.14,v Sri Lanka,Brisbane,21-Feb-12
V Sehwag,0,2,0,0,0,v Sri Lanka,Brisbane,21-Feb-12
R Vinay Kumar,0,4,0,0,0,v Sri Lanka,Brisbane,21-Feb-12
UT Yadav,0*,3,0,0,0,v Australia,Sydney,26-Feb-12
R Ashwin,26,37,2,0,70.27,v Australia,Sydney,26-Feb-12
G Gambhir,23,48,3,0,47.91,v Australia,Sydney,26-Feb-12
IK Pathan,22,22,1,2,100,v Australia,Sydney,26-Feb-12
V Kohli,21,27,2,0,77.77,v Australia,Sydney,26-Feb-12
SR Tendulkar,14,15,2,0,93.33,v Australia,Sydney,26-Feb-12
MS Dhoni,14,49,0,0,28.57,v Australia,Sydney,26-Feb-12
SK Raina,8,7,1,0,114.28,v Australia,Sydney,26-Feb-12
RA Jadeja,8,17,1,0,47.05,v Australia,Sydney,26-Feb-12
V Sehwag,5,11,1,0,45.45,v Australia,Sydney,26-Feb-12
P Kumar,1,4,0,0,25,v Australia,Sydney,26-Feb-12
SK Raina,40*,24,3,1,166.66,v Sri Lanka,Hobart,28-Feb-12
V Kohli,133*,86,16,2,154.65,v Sri Lanka,Hobart,28-Feb-12
G Gambhir,63,64,4,0,98.43,v Sri Lanka,Hobart,28-Feb-12
SR Tendulkar,39,30,5,0,130,v Sri Lanka,Hobart,28-Feb-12
V Sehwag,30,16,5,1,187.5,v Sri Lanka,Hobart,28-Feb-12
IK Pathan,7*,4,1,0,175,v Sri Lanka,Hambantota,21-Jul-12
R Ashwin,0*,0,0,0,-,v Sri Lanka,Hambantota,21-Jul-12
V Kohli,106,113,9,0,93.8,v Sri Lanka,Hambantota,21-Jul-12
V Sehwag,96,97,10,0,98.96,v Sri Lanka,Hambantota,21-Jul-12
SK Raina,50,45,3,1,111.11,v Sri Lanka,Hambantota,21-Jul-12
MS Dhoni,35,29,3,1,120.68,v Sri Lanka,Hambantota,21-Jul-12
RG Sharma,5,8,0,0,62.5,v Sri Lanka,Hambantota,21-Jul-12
G Gambhir,3,6,0,0,50,v Sri Lanka,Hambantota,21-Jul-12
UT Yadav,0*,3,0,0,0,v Sri Lanka,Hambantota,24-Jul-12
G Gambhir,65,96,4,0,67.7,v Sri Lanka,Hambantota,24-Jul-12
R Ashwin,21,15,3,0,140,v Sri Lanka,Hambantota,24-Jul-12
V Sehwag,15,15,2,0,100,v Sri Lanka,Hambantota,24-Jul-12
MS Dhoni,11,16,2,0,68.75,v Sri Lanka,Hambantota,24-Jul-12
IK Pathan,6,19,0,0,31.57,v Sri Lanka,Hambantota,24-Jul-12
PP Ojha,5,18,0,0,27.77,v Sri Lanka,Hambantota,24-Jul-12
Z Khan,2,4,0,0,50,v Sri Lanka,Hambantota,24-Jul-12
V Kohli,1,5,0,0,20,v Sri Lanka,Hambantota,24-Jul-12
SK Raina,1,5,0,0,20,v Sri Lanka,Hambantota,24-Jul-12
RG Sharma,0,5,0,0,0,v Sri Lanka,Hambantota,24-Jul-12
SK Raina,65*,45,6,1,144.44,v Sri Lanka,Colombo (RPS),28-Jul-12
IK Pathan,34*,31,3,0,109.67,v Sri Lanka,Colombo (RPS),28-Jul-12
G Gambhir,102,101,10,0,100.99,v Sri Lanka,Colombo (RPS),28-Jul-12
V Kohli,38,65,2,0,58.46,v Sri Lanka,Colombo (RPS),28-Jul-12
MS Dhoni,31,49,1,0,63.26,v Sri Lanka,Colombo (RPS),28-Jul-12
V Sehwag,3,6,0,0,50,v Sri Lanka,Colombo (RPS),28-Jul-12
RG Sharma,0,1,0,0,0,v Sri Lanka,Colombo (RPS),28-Jul-12
SK Raina,58*,51,4,1,113.72,v Sri Lanka,Colombo (RPS),31-Jul-12
V Kohli,128*,119,12,1,107.56,v Sri Lanka,Colombo (RPS),31-Jul-12
V Sehwag,34,29,6,0,117.24,v Sri Lanka,Colombo (RPS),31-Jul-12
MK Tiwary,21,38,2,0,55.26,v Sri Lanka,Colombo (RPS),31-Jul-12
RG Sharma,4,14,0,0,28.57,v Sri Lanka,Colombo (RPS),31-Jul-12
G Gambhir,0,5,0,0,0,v Sri Lanka,Colombo (RPS),31-Jul-12
R Ashwin,31*,39,2,0,79.48,v Pakistan,Chennai,30-Dec-12
MS Dhoni,113*,125,7,3,90.4,v Pakistan,Chennai,30-Dec-12
SK Raina,43,88,2,0,48.86,v Pakistan,Chennai,30-Dec-12
G Gambhir,8,17,1,0,47.05,v Pakistan,Chennai,30-Dec-12
V Sehwag,4,11,1,0,36.36,v Pakistan,Chennai,30-Dec-12
RG Sharma,4,14,0,0,28.57,v Pakistan,Chennai,30-Dec-12
Yuvraj Singh,2,3,0,0,66.66,v Pakistan,Chennai,30-Dec-12
V Kohli,0,5,0,0,0,v Pakistan,Chennai,30-Dec-12
MS Dhoni,54*,89,4,1,60.67,v Pakistan,Kolkata,3-Jan-13
V Sehwag,31,43,3,0,72.09,v Pakistan,Kolkata,3-Jan-13
SK Raina,18,42,1,0,42.85,v Pakistan,Kolkata,3-Jan-13
RA Jadeja,13,23,0,0,56.52,v Pakistan,Kolkata,3-Jan-13
G Gambhir,11,25,1,0,44,v Pakistan,Kolkata,3-Jan-13
Yuvraj Singh,9,19,0,0,47.36,v Pakistan,Kolkata,3-Jan-13
V Kohli,6,9,1,0,66.66,v Pakistan,Kolkata,3-Jan-13
R Ashwin,3,22,0,0,13.63,v Pakistan,Kolkata,3-Jan-13
I Sharma,2,12,0,0,16.66,v Pakistan,Kolkata,3-Jan-13
B Kumar,0,2,0,0,0,v Pakistan,Kolkata,3-Jan-13
AB Dinda,0,2,0,0,0,v Pakistan,Kolkata,3-Jan-13
